date,open,high,low,close,volume
2018-12-10,5.09,5.19,4.94,5.05,779
2018-12-11,5.07,5.22,5.01,5.05,705
2018-12-12,5.09,5.3,5.02,5.24,787
2018-12-13,5.23,5.26,4.8,4.82,571
2018-12-14,4.78,4.79,4.33,4.44,1447
2018-12-17,4.45,4.82,4.45,4.63,738
2018-12-18,4.63,4.83,4.45,4.71,958
2018-12-19,4.67,4.91,4.35,4.37,1324
2018-12-20,4.4,4.64,4.4,4.55,1152
2018-12-21,4.51,4.7,4.26,4.26,953
2018-12-24,4.25,4.27,4.03,4.03,980
2018-12-26,4.1,4.4,4.1,4.39,934
2018-12-27,4.34,4.55,4.34,4.51,640
2018-12-28,4.55,4.59,4.43,4.57,584
2018-12-31,4.58,4.73,4.4,4.53,1457
2019-01-02,4.42,4.9,4.35,4.88,549
2019-01-03,4.81,4.91,4.62,4.75,333
2019-01-04,4.8,4.9,4.64,4.65,490
2019-01-07,4.6,4.84,4.6,4.73,180
2019-01-08,4.79,4.8,4.65,4.7,165
2019-01-09,4.72,4.82,4.63,4.74,416
2019-01-10,4.73,4.94,4.6,4.82,194
2019-01-11,4.81,4.95,4.64,4.75,505
2019-01-14,4.73,4.81,4.62,4.68,272
2019-01-15,4.67,4.73,4.51,4.58,306
2019-01-16,4.59,4.71,4.56,4.59,356
2019-01-17,4.56,4.83,4.43,4.62,534
2019-01-18,4.5,4.87,4.5,4.7,392
2019-01-22,4.64,4.78,4.6,4.71,241
2019-01-23,4.71,4.82,4.67,4.8,392
2019-01-24,4.82,4.86,4.53,4.62,782
2019-01-25,4.66,4.79,4.57,4.75,414
2019-01-28,4.71,4.84,4.61,4.75,345
2019-01-29,4.75,4.81,4.63,4.77,263
2019-01-30,4.78,5.03,4.77,5.03,664
2019-01-31,5.03,5.2,4.96,5.03,457
2019-02-01,5.05,5.19,4.97,5.15,452
2019-02-04,5.15,5.3,5.15,5.24,591
2019-02-05,5.23,5.29,5.15,5.23,818
2019-02-06,5.25,5.41,5.11,5.22,1632
2019-02-07,5.23,5.27,5.11,5.15,1067
2019-02-08,5.09,5.2,4.71,5.15,849
2019-02-11,5.12,5.14,4.77,4.79,548
2019-02-12,4.86,5.02,4.79,4.9,334
2019-02-13,4.92,4.99,4.83,4.87,276
2019-02-14,4.86,4.91,4.76,4.84,266
2019-02-15,4.86,5.06,4.83,4.9,337
2019-02-19,4.93,5.03,4.92,4.97,288
2019-02-20,5.02,5.18,4.97,5.06,322
2019-02-21,5.03,5.1,4.89,4.94,198
2019-02-22,5.0,5.03,4.86,4.91,259
2019-02-25,4.9,4.98,4.86,4.86,303
2019-02-26,4.85,5.0,4.82,4.85,224
2019-02-27,4.84,4.96,4.84,4.94,54
2019-02-28,4.94,4.95,4.72,4.78,386
2019-03-01,4.74,4.91,4.71,4.84,389
2019-03-04,4.82,4.97,4.75,4.82,239
2019-03-05,4.81,4.93,4.76,4.77,319
2019-03-06,4.73,4.9,4.72,4.75,227
2019-03-07,4.74,4.81,4.68,4.77,211
2019-03-08,4.77,4.9,4.77,4.87,508
2019-03-11,4.86,4.99,4.85,4.9,408
2019-03-12,4.9,5.05,4.87,4.93,339
2019-03-13,5.0,5.11,4.9,5.03,420
2019-03-14,5.0,5.14,4.97,5.03,423
2019-03-15,5.04,5.23,5.02,5.21,382
2019-03-18,5.22,5.3,5.16,5.28,330
2019-03-19,5.28,5.45,5.24,5.36,650
2019-03-20,5.36,5.4,5.25,5.37,138
2019-03-21,5.41,5.41,5.19,5.21,728
2019-03-22,5.33,5.34,5.16,5.22,385
2019-03-25,5.16,5.26,4.94,5.23,389
2019-03-26,5.23,5.4,5.23,5.33,366
2019-03-27,5.33,5.39,5.3,5.35,157
2019-03-28,5.34,5.4,5.22,5.29,510
2019-03-29,5.03,5.43,5.02,5.33,172
2019-04-01,5.33,5.41,5.06,5.39,474
2019-04-02,5.36,5.54,5.36,5.54,553
2019-04-03,5.53,5.67,5.43,5.62,513
2019-04-04,5.85,6.75,5.85,6.29,9524
2019-04-05,6.25,6.8,6.25,6.67,3130
2019-04-08,6.74,6.89,6.4,6.49,1600
2019-04-09,6.51,6.84,6.35,6.35,417
2019-04-10,6.33,6.57,6.26,6.54,403
2019-04-11,6.54,6.63,6.45,6.5,482
2019-04-12,6.46,6.82,6.4,6.78,725
2019-04-15,6.71,6.86,6.53,6.77,841
2019-04-16,6.8,7.13,6.76,6.97,1122
2019-04-17,7.0,7.18,6.66,6.7,903
2019-04-18,6.7,6.77,6.54,6.63,550
2019-04-22,6.65,6.84,6.61,6.66,261
2019-04-23,6.64,6.71,6.46,6.51,1040
2019-04-24,6.5,6.65,6.45,6.45,1607
2019-04-25,6.43,6.61,6.32,6.41,1602
2019-04-26,6.39,6.41,6.27,6.34,600
2019-04-29,6.34,6.49,6.24,6.4,792
2019-04-30,6.36,6.66,6.31,6.62,390
2019-05-01,6.67,6.87,6.5,6.51,956
2019-05-02,6.53,6.61,6.42,6.6,290
2019-05-03,6.6,6.85,6.46,6.73,378
2019-05-06,6.71,6.73,6.57,6.71,342
2019-05-07,6.72,6.81,6.64,6.74,279
2019-05-08,6.73,6.78,6.63,6.63,321
2019-05-09,6.6,6.64,6.26,6.34,338
2019-05-10,5.85,6.42,5.76,6.37,741
2019-05-13,6.16,6.25,5.83,6.04,661
2019-05-14,6.05,6.1,5.92,6.0,447
2019-05-15,6.01,6.16,6.0,6.125,247
2019-05-16,6.05,6.25,5.99,6.08,188
2019-05-17,6.03,6.13,5.97,6.05,311
2019-05-20,6.08,6.14,5.95,6.03,533
2019-05-21,6.1,6.12,6.01,6.03,102
2019-05-22,5.97,6.11,5.95,5.96,119
2019-05-23,5.95,5.97,5.77,5.85,165
2019-05-24,5.86,5.91,5.72,5.76,137
2019-05-28,5.72,5.75,5.6,5.72,380
2019-05-29,5.63,5.69,5.43,5.44,516
2019-05-30,5.45,5.73,5.45,5.59,493
2019-05-31,5.55,5.68,5.26,5.37,521
2019-06-03,5.48,5.5,5.37,5.5,188
2019-06-04,5.51,5.6,5.41,5.55,423
2019-06-05,5.62,5.76,5.56,5.67,453
2019-06-06,5.82,5.82,5.55,5.61,853
2019-06-07,5.54,5.86,5.26,5.6,598
2019-06-10,5.65,6.0,5.65,5.815,577
2019-06-11,5.8,6.28,5.66,6.03,1102
2019-06-12,6.12,6.2,6.0,6.14,505
2019-06-13,6.32,6.32,6.08,6.22,883
2019-06-14,6.12,6.17,5.96,6.02,890
2019-06-17,6.0,6.1,5.81,6.01,874
2019-06-18,6.14,6.23,6.0,6.14,754
2019-06-19,6.09,6.14,5.72,6.02,409
2019-06-20,6.1,6.24,5.85,5.96,336
2019-06-21,5.96,5.99,5.86,5.97,262
2019-06-24,5.93,6.0,5.76,5.76,261
2019-06-25,5.7,5.71,4.95,5.1,1453
2019-06-26,5.15,5.4,5.05,5.16,752
2019-06-27,5.2,5.31,5.11,5.2,563
2019-06-28,5.26,5.71,5.26,5.5,743
2019-07-01,5.53,6.07,5.53,5.74,1132
2019-07-02,5.77,5.78,5.66,5.73,231
2019-07-03,5.69,5.9,5.52,5.75,208
2019-07-05,5.75,5.95,5.59,5.94,298
2019-07-08,6.0,6.25,5.9,6.15,1116
2019-07-09,6.15,6.18,5.86,5.95,662
2019-07-10,6.02,6.2,5.83,5.88,549
2019-07-11,5.9,6.03,5.87,6.0,333
2019-07-12,6.0,6.14,5.95,6.0,496
2019-07-15,5.98,6.0,5.86,5.98,117
2019-07-16,5.92,6.0,5.63,5.64,948
2019-07-17,5.65,5.81,5.65,5.73,311
2019-07-18,5.81,5.92,5.77,5.83,184
2019-07-19,5.8,5.89,5.72,5.88,160
2019-07-22,5.85,5.93,5.7,5.8,288
2019-07-23,5.78,5.84,5.7,5.8,145
2019-07-24,5.79,6.01,5.79,5.95,286
2019-07-25,6.0,6.03,5.73,5.99,436
2019-07-26,6.0,6.05,5.89,6.04,517
2019-07-29,6.05,6.19,6.0,6.05,521
2019-07-30,6.01,6.1,5.95,6.04,242
2019-07-31,6.04,6.07,5.83,5.88,300
2019-08-01,5.83,6.02,5.74,5.75,375
2019-08-02,5.7,5.79,5.65,5.72,170
2019-08-05,5.51,5.6,5.37,5.56,371
2019-08-06,5.59,5.69,5.49,5.55,270
2019-08-07,5.54,5.55,5.43,5.49,256
2019-08-08,5.47,5.99,5.47,5.85,539
2019-08-09,5.8,5.81,5.17,5.25,848
2019-08-12,5.13,5.26,5.1,5.1,318
2019-08-13,5.06,5.48,5.03,5.18,597
2019-08-14,5.28,5.28,5.02,5.25,137
2019-08-15,5.27,5.27,5.02,5.13,258
2019-08-16,5.07,5.14,4.96,5.02,371
2019-08-19,5.0,5.3,4.89,5.28,998
2019-08-20,5.28,5.3,5.16,5.22,210
2019-08-21,5.22,5.22,4.97,5.03,265
2019-08-22,4.91,5.29,4.79,5.21,644
2019-08-23,5.29,5.29,4.98,5.01,296
2019-08-26,5.02,5.06,4.82,5.0,358
2019-08-27,4.94,5.0,4.93,4.95,223
2019-08-28,4.9,5.01,4.9,4.97,194
2019-08-29,5.0,5.19,5.0,5.17,295
2019-08-30,5.17,5.3,5.06,5.07,371
2019-09-03,5.15,5.32,5.04,5.31,326
2019-09-04,5.31,5.34,5.13,5.34,135
2019-09-05,5.27,5.3,5.06,5.13,573
2019-09-06,5.15,5.17,5.12,5.15,56
2019-09-09,5.24,5.26,5.0,5.05,257
2019-09-10,5.0,5.1,4.95,4.97,189
2019-09-11,4.97,5.2,4.97,5.18,340
2019-09-12,5.2,5.42,5.12,5.4,400
2019-09-13,5.33,5.55,5.22,5.46,249
2019-09-16,5.37,5.5,5.33,5.4,171
2019-09-17,5.4,5.47,5.36,5.38,120
2019-09-18,5.42,5.42,5.18,5.26,172
2019-09-19,5.25,5.38,5.2,5.37,206
2019-09-20,5.43,5.43,5.22,5.27,65
2019-09-23,5.18,5.38,5.18,5.37,379
2019-09-24,5.34,5.34,5.15,5.25,323
2019-09-25,5.25,5.3,5.17,5.26,151
2019-09-26,5.25,5.34,5.23,5.28,192
2019-09-27,5.15,5.37,5.11,5.29,361
2019-09-30,5.25,5.34,5.12,5.3,281
2019-10-01,5.07,5.28,4.95,4.97,178
2019-10-02,4.95,5.05,4.75,4.89,631
2019-10-03,4.89,4.99,4.79,4.91,154
2019-10-04,4.91,5.01,4.86,4.86,218
2019-10-07,4.81,5.3,4.75,5.16,704
2019-10-08,5.17,5.27,5.04,5.27,301
2019-10-09,5.28,5.43,5.27,5.36,242
2019-10-10,5.41,5.55,5.37,5.49,810
2019-10-11,5.54,5.65,5.51,5.63,195
2019-10-14,5.58,5.61,5.33,5.56,285
2019-10-15,5.63,5.71,5.53,5.65,92
2019-10-16,5.56,5.58,5.08,5.38,1885
2019-10-17,5.33,5.52,5.33,5.45,147
2019-10-18,5.43,5.51,5.36,5.45,180
2019-10-21,5.52,5.55,5.41,5.45,213
2019-10-22,5.4,5.49,5.28,5.44,168
2019-10-23,5.35,5.48,5.34,5.43,178
2019-10-24,5.44,5.57,5.39,5.5,141
2019-10-25,5.57,5.58,5.51,5.57,91
2019-10-28,5.52,5.64,5.52,5.56,164
2019-10-29,5.59,5.78,5.59,5.76,227
2019-10-30,5.68,5.78,5.68,5.76,167
2019-10-31,5.74,5.78,5.7,5.72,226
2019-11-01,5.78,5.83,5.74,5.81,249
2019-11-04,5.8,5.85,5.53,5.75,379
2019-11-05,5.66,5.92,5.66,5.8,165
2019-11-06,5.76,5.85,5.63,5.64,203
2019-11-07,5.63,5.74,5.45,5.48,192
2019-11-08,5.51,5.56,5.06,5.22,668
2019-11-11,5.19,5.38,5.18,5.31,178
2019-11-12,5.31,5.38,5.14,5.2,166
2019-11-13,5.18,5.2,5.08,5.185,209
2019-11-14,5.19,5.23,5.12,5.18,92
2019-11-15,5.21,5.25,5.16,5.24,107
2019-11-18,5.26,5.26,5.02,5.14,722
2019-11-19,5.15,5.48,5.14,5.45,273
2019-11-20,5.5,5.61,5.3,5.55,410
2019-11-21,5.69,5.85,5.55,5.71,1583
2019-11-22,5.7,5.79,5.5,5.75,285
2019-11-25,5.74,6.0,5.73,5.97,683
2019-11-26,5.99,6.12,5.86,5.98,711
2019-11-27,5.96,5.99,5.93,5.99,228
2019-11-29,5.95,6.01,5.95,5.98,152
2019-12-02,5.95,5.95,5.73,5.86,500
2019-12-03,5.76,5.89,5.76,5.85,99
2019-12-04,5.84,5.99,5.75,5.95,227
2019-12-05,5.98,6.08,5.97,5.99,219
2019-12-06,6.03,6.38,5.97,6.06,904
2019-12-09,6.06,6.2,5.98,6.2,410
2019-12-10,6.23,6.3,6.08,6.21,315
2019-12-11,6.17,6.26,6.15,6.25,321
2019-12-12,6.22,6.49,6.22,6.41,853
2019-12-13,6.46,6.6,6.4,6.53,441
2019-12-16,6.54,6.65,6.53,6.6,626
2019-12-17,6.61,6.7,6.61,6.67,341
2019-12-18,6.7,6.74,6.63,6.65,159
2019-12-19,6.67,6.7,6.46,6.47,176
2019-12-20,6.47,6.65,6.45,6.54,411
2019-12-23,6.54,6.72,6.32,6.59,652
2019-12-24,6.56,6.69,6.56,6.63,139
2019-12-26,6.65,6.97,6.46,6.885,680
2019-12-27,6.91,7.04,6.88,7.01,804
2019-12-30,6.98,7.1,6.92,7.065,738
2019-12-31,7.01,7.21,7.01,7.16,1073
2020-01-02,7.1,7.36,7.1,7.26,424
2020-01-03,7.14,7.25,7.09,7.21,334
2020-01-06,7.21,7.25,7.06,7.1,406
2020-01-07,7.1,7.18,7.05,7.17,226
2020-01-08,7.15,7.21,7.15,7.17,191
2020-01-09,7.18,7.24,7.17,7.23,369
2020-01-10,7.2,7.37,7.18,7.32,326
2020-01-13,7.3,7.5,7.28,7.47,601
2020-01-14,7.44,7.49,7.38,7.46,336
2020-01-15,7.5,7.52,7.4,7.45,455
2020-01-16,7.41,7.57,7.41,7.52,401
2020-01-17,7.6,7.61,7.44,7.54,350
2020-01-21,7.55,7.7,7.47,7.7,493
2020-01-22,7.7,7.74,7.5,7.62,509
2020-01-23,7.67,7.87,7.64,7.8,791
2020-01-24,7.86,7.88,7.65,7.77,774
2020-01-27,7.69,7.8,7.51,7.74,427
2020-01-28,7.7,7.96,7.52,7.88,2721
2020-01-29,7.86,7.89,6.31,6.31,2437
2020-01-30,6.17,6.21,5.33,5.34,2263
2020-01-31,5.28,5.35,5.12,5.13,1712
2020-02-03,5.1,5.35,5.08,5.19,801
2020-02-04,5.23,5.61,5.21,5.47,689
2020-02-05,5.52,5.77,5.49,5.62,872
2020-02-06,5.66,5.7,5.46,5.53,808
2020-02-07,5.51,5.7,5.31,5.59,669
2020-02-10,5.55,5.61,5.17,5.19,1914
2020-02-11,5.2,5.4,5.2,5.3,1118
2020-02-12,5.32,5.44,5.25,5.3,849
2020-02-13,5.44,5.66,5.37,5.41,1215
2020-02-14,5.41,5.72,5.41,5.7,820
2020-02-18,5.7,5.88,5.62,5.79,1029
2020-02-19,5.78,6.03,5.63,5.7,986
2020-02-20,5.72,5.99,5.72,5.86,448
2020-02-21,5.75,5.94,5.66,5.67,735
2020-02-24,5.5,5.61,5.43,5.43,788
2020-02-25,5.43,5.45,5.0,5.07,883
2020-02-26,5.05,5.3,5.05,5.07,705
2020-02-27,5.0,5.15,4.82,4.97,1062
2020-02-28,4.83,5.05,4.81,4.98,1032
2020-03-02,5.0,5.06,4.89,4.96,935
2020-03-03,4.95,5.08,4.83,4.9,809
2020-03-04,5.03,5.13,4.9,4.97,679
2020-03-05,4.97,4.98,4.78,4.78,781
2020-03-06,4.75,4.85,4.55,4.68,904
2020-03-09,4.41,4.57,4.35,4.42,442
2020-03-10,4.23,4.6,4.22,4.41,154
2020-03-11,4.37,4.37,4.21,4.33,637
2020-03-12,4.2,4.2,3.87,3.87,1307
2020-03-13,4.04,4.2,3.81,4.05,721
2020-03-16,3.75,3.78,3.55,3.6,718
2020-03-17,3.67,4.14,3.6,4.05,1209
2020-03-18,3.83,4.03,3.82,3.91,292
2020-03-19,3.86,4.05,3.75,3.84,649
2020-03-20,3.87,4.06,3.75,4.04,441
2020-03-23,3.99,4.04,3.77,4.03,483
2020-03-24,4.15,4.46,4.09,4.4,691
2020-03-25,4.47,4.68,4.29,4.38,356
2020-03-26,4.47,4.68,4.3,4.48,533
2020-03-27,4.29,4.41,4.18,4.25,295
2020-03-30,4.35,4.75,4.1,4.18,470
2020-03-31,4.13,4.39,4.09,4.35,164
2020-04-01,4.25,4.33,4.2,4.27,138
2020-04-02,4.28,4.49,4.2,4.43,237
2020-04-03,4.29,4.74,4.29,4.48,342
2020-04-06,4.58,4.7,4.5,4.64,253
2020-04-07,4.75,4.81,4.56,4.63,290
2020-04-08,4.61,4.76,4.61,4.74,321
2020-04-09,4.75,4.76,4.45,4.6,503
2020-04-13,4.65,4.79,4.53,4.7,276
2020-04-14,4.8,4.9,4.67,4.82,425
2020-04-15,4.58,4.74,4.47,4.64,206
2020-04-16,4.56,4.75,4.56,4.7,115
2020-04-17,4.69,4.77,4.18,4.35,1203
2020-04-20,4.34,4.51,4.28,4.37,190
2020-04-21,4.38,4.43,4.18,4.25,462
2020-04-22,4.31,4.47,4.31,4.44,249
2020-04-23,4.38,4.6,4.38,4.54,345
2020-04-24,4.64,4.77,4.53,4.59,351
2020-04-27,4.65,5.13,4.65,5.12,406
2020-04-28,4.99,5.16,4.79,4.94,496
2020-04-29,4.97,5.16,4.7,4.95,331
2020-04-30,4.84,5.01,4.73,4.96,305
2020-05-01,4.88,5.1,4.86,5.1,411
2020-05-04,5.09,5.1,4.93,5.01,188
2020-05-05,4.99,5.22,4.99,5.04,383
2020-05-06,4.99,5.05,4.97,5.02,86
2020-05-07,4.95,5.13,4.92,5.03,357
2020-05-08,4.98,5.31,4.98,5.27,513
2020-05-11,5.19,5.71,5.19,5.49,464
2020-05-12,5.45,5.45,5.22,5.28,364
2020-05-13,5.22,5.22,4.82,4.92,371
2020-05-14,4.85,4.92,4.79,4.91,224
2020-05-15,4.93,5.09,4.85,4.92,121
2020-05-18,4.89,5.11,4.81,4.97,309
2020-05-19,4.94,5.18,4.93,5.11,361
2020-05-20,5.14,5.29,5.11,5.28,321
2020-05-21,5.27,5.29,5.16,5.2,179
2020-05-22,5.2,5.22,4.9,4.99,328
2020-05-26,5.28,5.28,5.07,5.13,187
2020-05-27,5.16,5.17,4.97,5.1,175
2020-05-28,5.09,5.34,5.09,5.17,135
2020-05-29,5.15,5.35,5.07,5.24,244
2020-06-01,5.29,5.32,5.2,5.23,73
2020-06-02,5.14,5.37,5.14,5.33,217
2020-06-03,5.31,5.52,5.31,5.38,385
2020-06-04,5.38,5.38,5.26,5.29,164
2020-06-05,5.51,5.52,5.28,5.38,314
2020-06-08,5.42,5.42,5.27,5.42,229
2020-06-09,5.42,5.42,5.24,5.25,199
2020-06-10,5.32,5.37,5.16,5.34,269
2020-06-11,5.15,5.18,4.86,4.99,436
2020-06-12,5.13,5.13,4.87,4.96,155
2020-06-15,4.96,5.14,4.9,5.13,471
2020-06-16,5.24,5.29,4.95,4.96,232
2020-06-17,5.06,5.12,4.98,5.0,458
2020-06-18,5.0,5.11,4.9,5.06,896
2020-06-19,5.06,5.09,4.97,5.08,204
2020-06-22,5.0,5.09,4.89,4.95,713
2020-06-23,4.95,5.0,4.91,4.95,283
2020-06-24,5.03,5.03,4.83,4.89,162
2020-06-25,5.0,5.0,4.77,4.85,229
2020-06-26,4.98,4.98,4.76,4.85,125
2020-06-29,4.8,5.04,4.78,4.87,242
2020-06-30,4.91,4.91,4.82,4.87,117
2020-07-01,4.88,4.96,4.71,4.96,396
2020-07-02,4.93,4.93,4.77,4.77,716
2020-07-06,4.94,4.94,4.75,4.79,1858
2020-07-07,4.78,4.86,4.77,4.8,167
2020-07-08,4.87,4.91,4.78,4.91,453
2020-07-09,4.85,4.93,4.8,4.92,201
2020-07-10,4.9,4.94,4.86,4.92,127
2020-07-13,4.94,5.0,4.88,4.92,252
2020-07-14,4.85,5.0,4.83,4.98,143
2020-07-15,5.02,5.14,4.98,5.0,780
2020-07-16,4.94,5.1,4.93,5.05,222
2020-07-17,5.01,5.1,4.9,4.99,509
2020-07-20,4.95,5.04,4.93,4.98,239
2020-07-21,5.05,5.16,4.95,5.06,600
2020-07-22,5.13,5.14,5.05,5.13,143
2020-07-23,5.15,5.18,4.99,5.06,207
2020-07-24,5.0,5.02,4.94,4.98,155
2020-07-27,4.99,5.06,4.95,4.98,199
2020-07-28,5.01,5.06,4.93,5.05,604
2020-07-29,5.01,5.15,4.97,5.15,182
2020-07-30,5.03,5.17,5.03,5.17,741
2020-07-31,5.15,5.19,5.03,5.15,374
2020-08-03,5.15,5.23,5.14,5.16,280
2020-08-04,5.2,5.27,5.17,5.24,274
2020-08-05,5.2,5.33,5.18,5.26,346
2020-08-06,5.09,5.26,5.02,5.11,730
2020-08-07,5.0,5.09,4.88,4.93,174
2020-08-10,4.98,5.03,4.95,5.03,1632
2020-08-11,5.04,5.05,4.96,5.0,105
2020-08-12,4.99,5.04,4.89,4.97,187
2020-08-13,4.99,5.07,4.93,4.95,1297
2020-08-14,4.91,5.09,4.91,5.06,906
2020-08-17,5.06,5.09,5.03,5.08,167
2020-08-18,5.09,5.11,5.04,5.06,320
2020-08-19,5.07,5.2,5.05,5.17,215
2020-08-20,5.15,5.19,5.13,5.18,466
2020-08-21,5.16,5.24,5.11,5.17,221
2020-08-24,5.15,5.25,5.15,5.18,616
2020-08-25,5.2,5.23,5.15,5.16,195
2020-08-26,5.15,5.19,5.13,5.16,2737
2020-08-27,5.13,5.42,5.1,5.33,882
2020-08-28,5.32,5.61,5.28,5.57,601
2020-08-31,5.6,5.75,5.54,5.68,614
2020-09-01,5.64,5.95,5.64,5.84,1160
2020-09-02,5.8,5.8,5.64,5.75,385
2020-09-03,5.75,5.85,5.62,5.69,458
2020-09-04,5.64,5.73,5.61,5.63,615
2020-09-08,5.6,5.63,5.51,5.56,538
2020-09-09,5.57,5.58,5.21,5.21,213
2020-09-10,5.15,5.25,5.15,5.2,376
2020-09-11,5.21,5.33,5.2,5.31,147
2020-09-14,5.35,5.46,5.35,5.4,139
2020-09-15,5.4,5.43,5.36,5.36,138
2020-09-16,5.42,5.51,5.39,5.39,130
2020-09-17,5.38,5.49,5.38,5.45,96
2020-09-18,5.42,5.5,5.27,5.27,116
2020-09-21,5.2,5.26,5.13,5.24,269
2020-09-22,5.32,5.33,5.2,5.24,67
2020-09-23,5.26,5.33,4.97,5.02,177
2020-09-24,5.0,5.16,5.0,5.08,657
2020-09-25,5.08,5.23,5.0,5.17,677
2020-09-28,5.13,5.19,5.0,5.03,279
2020-09-29,5.02,5.09,4.99,5.01,143
2020-09-30,4.97,5.05,4.85,4.89,361
2020-10-01,4.9,5.15,4.9,5.1,591
2020-10-02,5.01,5.37,5.01,5.35,321
2020-10-05,5.4,5.5,5.39,5.45,239
2020-10-06,5.45,5.65,5.41,5.42,282
2020-10-07,5.49,5.65,5.47,5.65,326
2020-10-08,5.58,5.75,5.58,5.7,296
2020-10-09,5.65,5.94,5.54,5.86,719
2020-10-12,5.94,6.06,5.9,6.06,566
2020-10-13,6.1,6.25,6.01,6.15,152
2020-10-14,6.07,6.29,5.96,6.2,77
2020-10-15,6.19,6.44,6.07,6.33,304
2020-10-16,6.29,6.45,6.1,6.36,385
2020-10-19,6.34,6.41,6.16,6.35,138
2020-10-20,6.3,6.42,6.3,6.35,379
2020-10-21,6.24,6.3,6.22,6.28,18
2020-10-22,6.25,6.27,6.03,6.07,87
2020-10-23,6.01,6.01,5.71,5.87,130
2020-10-26,5.84,5.84,5.65,5.73,98
2020-10-27,5.75,5.78,5.36,5.4,256
2020-10-28,5.29,5.3,5.03,5.05,1286
2020-10-29,5.22,5.52,5.16,5.36,174
2020-10-30,5.41,5.46,5.25,5.32,114
2020-11-02,5.45,5.53,5.32,5.32,110
2020-11-03,5.3,5.44,5.12,5.12,99
2020-11-04,5.1,5.31,5.1,5.19,144
2020-11-05,5.18,5.43,5.18,5.32,148
2020-11-06,5.32,5.71,5.31,5.46,78
2020-11-09,5.66,5.75,5.33,5.33,88
2020-11-10,5.42,5.42,5.16,5.16,84
2020-11-11,5.16,5.36,5.16,5.26,49
2020-11-12,5.34,5.54,5.26,5.43,106
2020-11-13,5.55,5.9,5.53,5.83,258
2020-11-16,5.91,5.99,5.63,5.67,207
2020-11-17,5.63,5.98,5.63,5.98,101
2020-11-18,5.97,6.06,5.88,6.06,148
2020-11-19,6.06,6.3,5.9,6.16,354
2020-11-20,6.22,6.22,5.73,5.83,671
2020-11-23,5.75,5.8,5.41,5.52,907
2020-11-24,5.59,5.72,5.51,5.65,169
2020-11-25,5.62,5.94,5.55,5.86,223
2020-11-27,5.84,5.96,5.84,5.91,71
2020-11-30,5.87,6.24,5.87,6.17,606
2020-12-01,6.16,6.59,6.01,6.53,1959
2020-12-02,6.58,6.88,6.3,6.8,1127
2020-12-03,6.88,7.0,6.61,6.96,1259
2020-12-04,6.92,7.17,6.78,7.13,1135
2020-12-07,7.01,7.01,6.53,6.68,542
2020-12-08,6.62,6.68,6.37,6.66,444
2020-12-09,6.7,6.71,6.37,6.45,228
2020-12-10,6.4,6.48,6.3,6.37,174
2020-12-11,6.31,6.34,6.16,6.25,269
2020-12-14,6.3,6.49,6.3,6.36,67
2020-12-15,6.4,6.44,6.27,6.38,134
2020-12-16,6.35,6.4,6.2,6.2,174
2020-12-17,6.2,6.4,6.2,6.29,346
2020-12-18,6.26,6.62,6.22,6.28,707
2020-12-21,6.22,6.35,6.18,6.24,657
2020-12-22,6.16,6.3,6.04,6.12,768
2020-12-23,6.12,6.28,6.07,6.13,376
2020-12-24,6.23,6.23,6.09,6.13,92
2020-12-28,6.18,6.18,5.81,5.99,366
2020-12-29,5.93,6.07,5.93,6.06,305
2020-12-30,6.0,6.56,6.0,6.5,824
2020-12-31,6.44,6.57,6.24,6.38,305
2021-01-04,6.44,6.44,6.25,6.36,247
2021-01-05,6.37,6.71,6.37,6.68,279
2021-01-06,6.65,6.77,6.51,6.51,223
2021-01-07,6.55,6.76,6.54,6.73,199
2021-01-08,6.7,6.72,6.55,6.62,225
2021-01-11,6.58,6.61,6.43,6.6,475
2021-01-12,6.53,7.34,6.53,7.24,1280
2021-01-13,6.84,7.22,6.78,7.02,628
2021-01-14,7.02,7.57,7.02,7.22,1373
2021-01-15,7.36,7.42,7.01,7.15,244
2021-01-19,7.2,7.37,7.13,7.25,345
2021-01-20,7.26,7.45,7.15,7.31,442
2021-01-21,7.42,7.71,7.23,7.64,614
2021-01-22,7.7,7.8,7.55,7.61,613
2021-01-25,7.61,7.73,7.25,7.36,371
2021-01-26,7.44,7.52,7.16,7.2,468
2021-01-27,7.15,7.18,6.95,7.1,450
2021-01-28,7.1,7.16,6.83,7.07,378
2021-01-29,6.94,7.03,6.86,6.99,92
2021-02-01,6.94,7.42,6.87,7.3,349
2021-02-02,7.39,7.55,7.23,7.41,172
2021-02-03,7.45,7.84,7.35,7.78,780
2021-02-04,7.78,7.87,7.61,7.81,425
2021-02-05,7.81,7.95,7.66,7.86,780
2021-02-08,7.96,8.39,7.84,8.38,1291
2021-02-09,8.42,8.65,8.4,8.52,1141
2021-02-10,8.5,8.77,8.3,8.58,1215
2021-02-11,8.51,8.95,8.47,8.85,1866
2021-02-12,10.5,11.0,9.55,10.8,11020
2021-02-16,11.24,11.5,10.98,11.23,6953
2021-02-17,11.05,11.39,10.56,10.7,2155
2021-02-18,10.71,11.03,10.36,10.56,2230
2021-02-19,10.59,11.03,10.5,10.89,1200
2021-02-22,10.92,11.0,10.58,10.69,1854
2021-02-23,10.33,10.36,9.5,9.97,1635
2021-02-24,9.95,10.16,9.54,10.14,2308
2021-02-25,10.0,10.09,9.61,9.67,997
2021-02-26,9.79,9.79,9.23,9.59,1299
2021-03-01,9.93,10.21,9.86,10.16,2165
2021-03-02,10.2,10.37,9.92,9.97,1402
2021-03-03,10.0,10.0,9.37,9.47,1010
2021-03-04,9.34,9.43,8.62,9.09,1860
2021-03-05,9.26,9.5,8.79,9.01,1351
2021-03-08,8.97,9.32,8.8,8.83,927
2021-03-09,10.12,10.74,9.49,10.69,2794
2021-03-10,10.75,10.99,10.33,10.87,2521
2021-03-11,11.15,11.92,10.85,11.8,3117
2021-03-12,11.37,12.87,11.34,12.32,10900
2021-03-15,12.45,12.5,11.72,12.05,2602
2021-03-16,12.3,12.55,11.99,12.24,1892
2021-03-17,12.48,13.2,12.03,12.03,3145
2021-03-18,11.93,12.14,11.37,11.465,2864
2021-03-19,11.55,12.67,11.16,11.85,3115
2021-03-22,12.15,12.38,11.48,11.51,1430
2021-03-23,11.47,11.63,11.25,11.35,1630
2021-03-24,11.56,11.99,11.19,11.23,1220
2021-03-25,10.99,11.29,10.72,11.09,3525
2021-03-26,11.25,11.89,11.09,11.83,1467
2021-03-29,11.83,12.44,11.61,11.78,1535
2021-03-30,11.75,11.98,11.28,11.46,773
2021-03-31,11.59,12.09,11.59,11.82,804
2021-04-01,12.04,12.86,12.04,12.79,2432
2021-04-05,13.0,13.86,12.7,13.8,4339
2021-04-06,13.83,14.16,13.73,14.13,2906
2021-04-07,14.24,14.24,13.0,13.28,1864
2021-04-08,13.5,13.79,13.01,13.06,1898
2021-04-09,12.97,12.97,12.14,12.37,2000
2021-04-12,12.37,12.54,11.49,11.61,2213
2021-04-13,11.63,11.99,11.49,11.82,1592
2021-04-14,11.7,11.95,11.43,11.43,1398
2021-04-15,11.32,11.55,10.42,10.9,2966
2021-04-16,10.96,11.33,10.76,11.0,1114
2021-04-19,11.0,11.03,10.15,10.55,1325
2021-04-20,10.43,10.44,9.78,10.06,1826
2021-04-21,10.23,10.62,9.81,10.52,1006
2021-04-22,10.52,10.62,10.09,10.25,1074
2021-04-23,10.32,10.7,10.19,10.66,1971
2021-04-26,10.65,10.92,10.53,10.77,1184
2021-04-27,10.9,11.49,10.65,11.42,1868
2021-04-28,11.32,11.43,10.95,11.04,793
2021-04-29,11.29,11.44,10.65,10.94,2780
2021-04-30,10.67,10.97,10.46,10.54,584
2021-05-03,10.84,10.88,10.31,10.69,1408
2021-05-04,10.48,10.48,9.81,10.14,1344
2021-05-05,10.2,10.68,10.2,10.48,1597
2021-05-06,10.33,10.33,8.35,10.0,6151
2021-05-07,9.89,10.27,9.69,9.84,1108
2021-05-10,9.89,9.94,9.31,9.53,3527
2021-05-11,9.21,9.68,9.05,9.62,1296
2021-05-12,9.43,9.59,9.15,9.18,693
2021-05-13,9.27,9.54,8.87,9.0,1847
2021-05-14,9.05,9.39,8.99,9.19,2025
2021-05-17,9.1,9.26,8.78,8.91,789
2021-05-18,9.03,9.07,8.85,8.94,1021
2021-05-19,8.77,9.12,8.58,9.02,1911
2021-05-20,9.04,9.2,8.92,8.97,870
2021-05-21,9.03,9.1,8.86,9.03,3189
2021-05-24,9.08,9.82,9.08,9.58,972
2021-05-25,9.69,9.9,9.38,9.39,538
2021-05-26,9.48,10.23,9.46,10.15,1084
2021-05-27,10.18,10.36,10.04,10.22,566
2021-05-28,10.21,10.56,10.2,10.44,742
2021-06-01,10.49,10.64,10.18,10.31,679
2021-06-02,10.23,10.29,10.0,10.11,1047
2021-06-03,10.01,10.06,9.71,9.76,678
2021-06-04,9.81,9.91,9.73,9.83,435
2021-06-07,10.0,10.0,9.7,9.8,717
2021-06-08,9.84,9.98,9.58,9.84,651
2021-06-09,9.84,9.97,9.63,9.76,1207
2021-06-10,9.85,10.0,9.59,9.68,826
2021-06-11,9.77,9.84,9.55,9.74,417
2021-06-14,9.8,10.3,9.8,10.07,1421
2021-06-15,10.11,10.12,9.75,9.87,876
2021-06-16,10.02,10.08,9.64,9.8,792
2021-06-17,9.72,9.86,9.47,9.59,792
2021-06-18,9.58,9.64,9.09,9.14,491
2021-06-21,9.12,9.16,8.9,8.93,804
2021-06-22,9.03,9.1,8.77,8.79,1357
2021-06-23,8.91,8.99,8.82,8.84,1114
2021-06-24,8.9,9.37,8.8,9.33,3116
2021-06-25,9.35,9.5,9.2,9.27,615
2021-06-28,9.33,9.36,9.11,9.3,403
2021-06-29,9.29,9.51,9.25,9.47,264
2021-06-30,9.49,9.69,9.42,9.64,645
2021-07-01,9.72,9.72,9.37,9.5,486
2021-07-02,9.65,9.65,9.1,9.13,303
2021-07-06,9.17,9.32,9.07,9.21,369
2021-07-07,9.24,9.38,9.04,9.23,546
2021-07-08,9.01,9.18,8.78,8.9,703
2021-07-09,8.92,9.28,8.83,9.14,355
2021-07-12,9.18,9.33,8.92,9.33,611
2021-07-13,9.45,9.5,9.22,9.39,440
2021-07-14,9.44,9.83,9.41,9.75,1028
2021-07-15,9.76,9.76,9.13,9.35,1723
2021-07-16,9.45,9.52,9.07,9.08,314
2021-07-19,8.91,8.96,8.75,8.88,824
2021-07-20,8.88,9.41,8.82,9.35,468
2021-07-21,9.46,9.88,9.39,9.82,321
2021-07-22,9.78,9.92,9.34,9.41,485
2021-07-23,9.35,9.53,9.27,9.49,193
2021-07-26,9.48,9.79,9.37,9.44,294
2021-07-27,9.35,9.5,8.91,9.05,573
2021-07-28,9.08,9.95,9.08,9.84,665
2021-07-29,9.89,9.94,9.7,9.85,355
2021-07-30,9.85,10.51,9.84,10.36,497
2021-08-02,10.47,10.47,9.9,10.12,313
2021-08-03,10.12,10.12,9.51,9.75,2285
2021-08-04,9.82,10.0,9.58,9.9,368
2021-08-05,10.0,10.31,9.64,9.72,1351
2021-08-06,9.58,9.86,9.58,9.79,217
2021-08-09,9.74,10.42,9.7,10.25,607
2021-08-10,10.31,10.36,9.99,10.18,301
2021-08-11,10.32,10.41,9.94,10.22,717
2021-08-12,10.1,10.23,9.75,9.99,851
2021-08-13,9.95,10.02,9.69,9.71,388
2021-08-16,9.69,9.85,9.39,9.42,220
2021-08-17,9.28,9.73,9.19,9.34,422
2021-08-18,9.41,9.82,9.4,9.7,319
2021-08-19,9.56,9.75,9.29,9.64,253
2021-08-20,9.65,9.8,9.57,9.7,210
2021-08-23,9.76,10.07,9.76,9.99,406
2021-08-24,9.95,10.23,9.85,10.05,170
2021-08-25,10.04,10.11,9.87,9.88,118
2021-08-26,9.85,9.98,9.73,9.82,158
2021-08-27,9.79,10.19,9.79,10.01,742
2021-08-30,10.04,10.34,10.04,10.28,682
2021-08-31,10.32,10.35,9.87,10.34,190
2021-09-01,10.33,10.39,10.2,10.2,292
2021-09-02,10.21,10.49,10.21,10.38,776
2021-09-03,10.43,10.49,10.26,10.48,197
2021-09-07,10.7,10.97,10.5,10.61,842
2021-09-08,10.49,10.74,10.12,10.48,864
2021-09-09,10.41,10.73,10.27,10.68,344
2021-09-10,10.71,11.6,10.52,11.53,1710
2021-09-13,11.59,11.65,11.27,11.56,969
2021-09-14,11.6,12.04,11.31,11.53,1433
2021-09-15,11.46,12.45,11.13,12.33,1345
2021-09-16,12.32,12.6,12.25,12.47,1239
2021-09-17,12.41,12.7,12.23,12.5,953
2021-09-20,11.66,12.32,11.65,11.98,1675
2021-09-21,11.98,12.33,11.34,12.0,513
2021-09-22,11.83,12.29,11.44,11.78,782
2021-09-23,11.96,12.05,11.79,11.99,737
2021-09-24,11.87,11.87,11.55,11.71,413
2021-09-27,11.61,11.96,11.53,11.75,1545
2021-09-28,11.62,11.72,11.12,11.6,895
2021-09-29,11.64,11.65,11.11,11.21,421
2021-09-30,11.29,11.6,11.21,11.43,1418
2021-10-01,11.48,11.75,11.35,11.7,553
2021-10-04,11.64,11.64,11.02,11.18,559
2021-10-05,11.15,11.27,11.01,11.24,571
2021-10-06,11.13,11.2,10.76,11.13,433
2021-10-07,11.21,11.37,11.14,11.28,250
2021-10-08,11.2,11.34,10.99,11.18,248
2021-10-11,11.2,11.38,11.05,11.2,360
2021-10-12,11.28,11.44,11.11,11.16,397
2021-10-13,11.27,11.8,11.01,11.69,526
2021-10-14,11.9,12.15,11.57,11.74,265
2021-10-15,11.9,11.99,11.56,11.69,314
2021-10-18,11.68,12.0,11.63,11.86,601
2021-10-19,11.95,12.2,11.74,12.03,226
2021-10-20,12.0,12.15,11.79,12.13,485
2021-10-21,12.01,12.13,11.48,12.01,526
2021-10-22,12.01,12.18,11.62,11.74,204
2021-10-25,11.83,12.0,11.49,11.84,506
2021-10-26,11.97,12.56,11.67,12.33,1489
2021-10-27,12.37,12.48,12.15,12.44,1321
2021-10-28,12.4,14.95,12.31,14.85,7996
2021-10-29,14.66,15.28,14.27,15.02,1788
2021-11-01,15.04,15.23,14.34,14.88,1043
2021-11-02,14.74,15.26,14.43,15.02,540
2021-11-03,15.02,15.02,14.37,14.72,752
2021-11-04,14.74,15.45,14.57,14.94,960
2021-11-05,14.94,15.69,14.94,15.02,505
2021-11-08,15.09,15.69,14.95,15.44,854
2021-11-09,15.47,15.47,14.6,15.06,763
2021-11-10,14.91,15.1,14.42,14.52,555
2021-11-11,14.71,15.5,14.49,15.22,1033
2021-11-12,15.29,15.75,15.1,15.43,909
2021-11-15,15.62,15.78,15.25,15.51,987
2021-11-16,15.51,15.58,14.9,15.43,1335
2021-11-17,15.45,15.51,14.77,15.26,1626
2021-11-18,12.0,12.45,10.41,11.2,8318
2021-11-19,11.1,11.42,10.9,11.03,1458
2021-11-22,11.06,11.12,10.27,10.57,2358
2021-11-23,10.45,10.54,10.0,10.27,1185
2021-11-24,10.05,10.45,9.85,10.42,490
2021-11-26,10.25,10.75,10.02,10.66,752
2021-11-29,10.85,10.86,10.27,10.37,1054
2021-11-30,10.3,10.36,9.82,9.9,1329
2021-12-01,9.96,10.19,9.57,9.57,715
2021-12-02,9.64,9.9,9.21,9.37,1450
2021-12-03,9.42,9.69,8.82,8.96,1637
2021-12-06,8.87,8.96,8.37,8.62,2005
2021-12-07,8.9,9.5,8.9,9.3,2840
2021-12-08,9.18,9.34,8.82,9.1,1618
2021-12-09,9.0,9.64,9.0,9.35,910
2021-12-10,9.52,9.85,9.39,9.76,1059
2021-12-13,9.72,9.8,9.05,9.14,1202
2021-12-14,9.05,9.1,8.49,8.79,2344
2021-12-15,8.82,9.4,8.66,9.4,740
2021-12-16,9.41,9.54,8.88,9.1,387
2021-12-17,8.97,9.44,8.97,9.27,331
2021-12-20,9.08,9.18,8.89,9.0,401
2021-12-21,9.12,9.46,8.94,9.34,600
2021-12-22,9.36,9.58,9.21,9.49,308
2021-12-23,9.57,9.61,9.14,9.49,666
2021-12-27,9.54,9.91,9.54,9.89,423
2021-12-28,9.9,9.94,9.46,9.77,336
2021-12-29,9.7,9.84,9.48,9.63,275
2021-12-30,9.7,9.93,9.51,9.78,400
2021-12-31,9.84,10.01,9.74,9.88,307
2022-01-03,10.01,10.03,9.51,9.77,297
2022-01-04,9.87,9.87,9.21,9.34,647
2022-01-05,9.25,9.48,8.88,9.0,392
2022-01-06,9.01,9.48,8.86,9.34,507
2022-01-07,9.23,9.37,9.01,9.04,402
2022-01-10,8.91,9.29,8.69,9.29,481
2022-01-11,9.21,9.44,9.07,9.33,155
2022-01-12,9.48,9.5,9.24,9.38,132
2022-01-13,9.51,9.6,9.08,9.16,335
2022-01-14,9.09,9.48,9.02,9.43,298
2022-01-18,9.47,9.47,8.8,8.87,523
2022-01-19,8.82,8.92,8.25,8.42,548
2022-01-20,8.54,8.79,8.33,8.36,336
2022-01-21,8.35,8.62,8.08,8.36,447
2022-01-24,8.17,8.7,7.88,8.58,380
2022-01-25,8.39,8.66,8.16,8.51,499
2022-01-26,8.74,9.15,8.35,8.54,439
2022-01-27,8.6,8.61,8.01,8.065,337
2022-01-28,8.06,8.39,7.81,8.32,612
2022-01-31,8.29,8.98,8.29,8.98,379
2022-02-01,9.05,9.05,8.65,8.92,382
2022-02-02,9.08,9.17,8.5,8.7,203
2022-02-03,8.46,8.49,8.16,8.34,194
2022-02-04,8.36,8.63,8.15,8.55,141
2022-02-07,8.45,8.73,8.37,8.43,154
2022-02-08,8.39,8.84,8.39,8.73,69
2022-02-09,8.93,9.68,8.74,9.44,1165
2022-02-10,9.15,9.46,9.0,9.09,279
2022-02-11,9.0,9.22,8.42,8.46,395
2022-02-14,8.4,8.65,8.14,8.38,273
2022-02-15,8.6,9.46,8.6,8.99,894
2022-02-16,8.96,9.65,8.96,9.64,1097
2022-02-17,9.45,10.02,9.36,9.83,998
2022-02-18,9.83,10.02,9.52,9.88,553
2022-02-22,9.72,9.97,9.65,9.84,821
2022-02-23,9.97,10.14,9.42,9.52,763
2022-02-24,9.26,9.81,9.25,9.74,701
2022-02-25,9.95,10.58,9.76,10.49,958
2022-02-28,10.45,10.83,10.28,10.4,257
2022-03-01,10.35,10.47,9.82,9.89,561
2022-03-02,9.93,10.45,9.79,10.22,215
2022-03-03,10.27,10.27,9.92,10.02,107
2022-03-04,9.88,10.11,9.67,10.02,301
2022-03-07,9.9,10.09,9.69,9.74,933
2022-03-08,9.84,10.41,9.79,10.14,359
2022-03-09,10.47,10.5,10.31,10.39,64
2022-03-10,10.16,10.39,9.98,10.39,195
2022-03-11,10.59,10.59,10.07,10.1,214
2022-03-14,10.09,10.51,10.04,10.23,748
2022-03-15,10.27,10.49,10.1,10.1,84
2022-03-16,10.17,10.44,10.1,10.34,275
2022-03-17,10.45,10.59,10.38,10.5,94
2022-03-18,10.64,10.98,10.64,10.81,448
2022-03-21,10.81,10.94,10.42,10.88,597
2022-03-22,10.94,11.1,10.54,10.9,995
2022-03-23,10.86,10.92,10.61,10.65,215
2022-03-24,10.67,10.98,10.62,10.96,89
2022-03-25,10.98,10.98,10.64,10.8,128
2022-03-28,10.81,10.9,10.55,10.6,534
2022-03-29,10.72,10.83,9.68,10.52,610
2022-03-30,10.4,10.48,10.16,10.21,337
2022-03-31,10.15,10.16,9.76,10.06,752
2022-04-01,10.16,10.22,10.0,10.04,305
2022-04-04,10.05,10.26,10.0,10.19,321
2022-04-05,10.21,10.21,9.81,9.9,668
2022-04-06,9.75,9.93,9.75,9.93,430
2022-04-07,9.84,10.11,9.81,9.98,168
2022-04-08,9.97,9.97,9.67,9.67,545
2022-04-11,9.55,9.62,9.52,9.56,182
2022-04-12,9.75,9.75,9.5,9.52,142
2022-04-13,9.54,9.62,9.5,9.51,158
2022-04-14,9.45,9.51,9.44,9.45,242
2022-04-18,9.41,9.53,9.4,9.4,253
2022-04-19,9.51,9.53,9.4,9.5,121
2022-04-20,9.57,9.75,9.52,9.52,185
2022-04-21,9.56,9.8,9.5,9.51,113
2022-04-22,9.43,9.74,9.43,9.53,119
