date,open,high,low,close,volume
2018-12-10,18.64,18.93,18.28,18.89,2071
2018-12-11,19.08,19.75,19.04,19.23,2377
2018-12-12,19.24,19.56,18.91,19.39,2164
2018-12-13,19.55,19.96,19.13,19.22,1690
2018-12-14,19.11,19.39,18.68,18.77,2578
2018-12-17,18.74,18.81,18.06,18.43,5148
2018-12-18,18.6,18.8,18.27,18.45,1807
2018-12-19,18.6,18.61,17.63,18.05,4450
2018-12-20,18.04,18.22,17.2,17.3,5556
2018-12-21,17.28,17.7,17.08,17.12,4181
2018-12-24,16.85,17.21,16.55,16.89,2196
2018-12-26,16.94,17.96,16.88,17.94,2208
2018-12-27,17.67,18.45,17.48,18.45,3749
2018-12-28,18.45,18.81,18.09,18.49,3301
2018-12-31,18.64,19.03,18.22,18.9,1909
2019-01-02,18.75,19.13,17.87,18.92,4726
2019-01-03,17.86,20.59,17.66,19.92,11366
2019-01-04,20.67,20.86,19.07,19.11,6656
2019-01-07,19.27,19.56,18.83,18.86,3449
2019-01-08,18.98,19.07,18.78,18.94,2564
2019-01-09,19.06,19.77,18.9,19.62,5195
2019-01-10,19.64,20.0,19.09,19.4,1959
2019-01-11,19.46,19.94,19.26,19.85,3384
2019-01-14,19.87,20.04,19.57,19.95,1966
2019-01-15,19.92,20.54,19.77,20.35,2336
2019-01-16,20.41,20.66,20.01,20.39,1907
2019-01-17,20.36,20.48,19.87,20.24,3278
2019-01-18,20.31,20.73,20.29,20.39,2170
2019-01-22,20.33,20.38,19.7,19.83,2261
2019-01-23,19.84,19.97,19.46,19.65,1767
2019-01-24,19.64,19.75,19.17,19.29,2336
2019-01-25,19.44,19.57,18.87,18.94,2607
2019-01-28,18.81,19.46,18.75,19.28,5315
2019-01-29,19.37,19.71,19.13,19.17,1639
2019-01-30,19.17,19.41,19.01,19.22,11794
2019-01-31,19.22,20.09,19.22,19.79,4365
2019-02-01,19.8,19.82,19.35,19.4,1156
2019-02-04,19.37,19.68,19.19,19.54,1690
2019-02-05,19.53,20.09,19.53,19.71,2566
2019-02-06,19.74,19.76,19.48,19.56,1180
2019-02-07,19.44,20.0,19.34,20.0,1584
2019-02-08,19.84,20.45,19.76,20.19,2743
2019-02-11,20.6,20.6,20.06,20.5,2717
2019-02-12,20.61,21.18,20.46,20.74,4908
2019-02-13,20.77,21.13,20.55,21.0,2363
2019-02-14,20.92,21.36,20.63,20.99,2368
2019-02-15,21.05,21.27,20.85,21.14,2573
2019-02-19,21.11,21.24,20.75,20.82,2568
2019-02-20,20.63,20.98,20.24,20.67,1698
2019-02-21,20.68,21.01,20.37,20.45,2225
2019-02-22,20.38,20.75,20.24,20.74,2223
2019-02-25,20.74,20.74,19.7,19.84,3331
2019-02-26,19.9,20.11,19.73,19.93,2024
2019-02-27,19.9,20.15,19.67,20.07,1289
2019-02-28,20.06,20.65,20.06,20.46,3986
2019-03-01,20.5,20.64,20.04,20.24,1941
2019-03-04,20.27,20.47,19.91,19.97,1460
2019-03-05,20.0,20.17,19.8,19.91,1340
2019-03-06,19.91,20.13,19.24,19.27,2664
2019-03-07,19.28,19.57,19.13,19.48,2757
2019-03-08,19.48,19.82,19.29,19.45,1880
2019-03-11,19.4,19.98,19.3,19.96,1774
2019-03-12,19.99,20.15,19.81,20.07,1008
2019-03-13,20.13,20.22,19.73,19.81,1286
2019-03-14,19.87,20.07,19.72,19.94,623
2019-03-15,19.95,20.4,19.78,20.24,3566
2019-03-18,20.23,20.43,20.03,20.38,1300
2019-03-19,20.43,20.54,19.97,20.07,1118
2019-03-20,20.09,20.16,19.75,19.77,2355
2019-03-21,19.71,20.48,19.64,20.27,1761
2019-03-22,20.2,20.23,19.55,19.82,2508
2019-03-25,19.83,20.34,19.69,20.28,1573
2019-03-26,20.39,20.92,20.37,20.53,2770
2019-03-27,20.55,20.59,20.13,20.56,1255
2019-03-28,20.55,20.78,20.46,20.69,817
2019-03-29,20.8,20.96,20.38,20.59,2139
2019-04-01,20.66,21.08,20.65,21.03,2040
2019-04-02,21.06,21.77,21.05,21.68,3371
2019-04-03,21.86,22.47,21.25,21.9,5833
2019-04-04,22.4,23.28,21.48,22.11,9031
2019-04-05,22.41,22.77,22.12,22.73,4469
2019-04-08,22.6,23.29,22.53,22.94,3233
2019-04-09,22.25,22.38,21.99,22.23,3440
2019-04-10,22.19,22.62,22.19,22.45,2319
2019-04-11,22.35,22.65,22.24,22.48,3468
2019-04-12,22.48,22.56,22.1,22.26,1787
2019-04-15,22.19,22.7,22.19,22.66,1596
2019-04-16,22.7,23.18,22.7,23.09,2333
2019-04-17,23.01,23.06,22.56,22.7,1874
2019-04-18,22.67,22.83,22.53,22.64,1684
2019-04-22,22.59,22.91,22.4,22.66,2513
2019-04-23,22.74,23.12,22.62,23.07,1306
2019-04-24,23.01,23.14,22.71,22.75,1010
2019-04-25,22.74,22.82,22.34,22.38,1947
2019-04-26,22.36,22.5,21.92,22.02,2502
2019-04-29,22.07,22.55,21.99,22.53,1842
2019-04-30,22.45,22.59,22.29,22.46,1291
2019-05-01,22.57,22.67,22.4,22.45,1864
2019-05-02,22.43,22.72,22.22,22.52,1657
2019-05-03,22.71,22.87,22.02,22.36,2376
2019-05-06,22.12,22.78,22.12,22.7,1506
2019-05-07,22.49,22.82,22.42,22.68,1579
2019-05-08,22.68,23.1,22.57,22.59,3190
2019-05-09,22.5,22.57,21.82,22.03,2394
2019-05-10,22.02,22.81,21.99,22.7,2030
2019-05-13,22.4,22.46,21.69,22.02,2366
2019-05-14,22.03,22.34,21.94,22.32,1386
2019-05-15,22.14,22.49,22.14,22.3,1463
2019-05-16,22.43,22.6,22.2,22.27,2123
2019-05-17,22.16,22.36,21.95,21.97,1225
2019-05-20,21.81,22.2,21.74,21.83,2327
2019-05-21,21.84,22.45,21.56,22.42,1809
2019-05-22,22.33,22.44,21.93,22.23,752
2019-05-23,22.0,22.0,21.62,21.97,1052
2019-05-24,22.0,22.31,22.0,22.11,811
2019-05-28,22.11,22.32,22.03,22.21,1632
2019-05-29,22.01,22.27,21.59,21.72,1488
2019-05-30,21.87,22.15,21.55,21.85,1883
2019-05-31,21.63,21.75,21.38,21.49,1516
2019-06-03,21.46,21.66,21.29,21.56,2333
2019-06-04,21.62,22.39,21.14,22.36,1392
2019-06-05,22.33,22.85,22.33,22.85,1189
2019-06-06,22.93,23.13,22.87,22.93,864
2019-06-07,23.15,24.1,23.06,23.69,4226
2019-06-10,23.79,24.46,22.99,23.2,3114
2019-06-11,23.17,23.89,23.14,23.34,3030
2019-06-12,23.37,23.81,23.11,23.5,1790
2019-06-13,23.6,23.7,23.28,23.44,1280
2019-06-14,23.41,23.69,23.14,23.17,838
2019-06-17,23.16,23.32,22.81,22.87,1467
2019-06-18,23.03,23.95,23.02,23.65,3859
2019-06-19,23.86,24.14,23.61,24.1,3047
2019-06-20,24.55,25.08,24.31,24.68,5985
2019-06-21,24.77,24.83,24.33,24.36,4400
2019-06-24,24.28,24.43,23.9,24.09,7114
2019-06-25,24.15,24.18,23.88,23.9,4381
2019-06-26,23.99,24.09,23.34,23.5,7451
2019-06-27,23.6,23.8,23.24,23.6,8822
2019-06-28,23.64,24.47,23.64,24.08,7680
2019-07-01,24.66,24.97,23.93,24.88,6005
2019-07-02,25.58,26.0,24.46,25.38,14062
2019-07-03,25.89,26.87,25.73,26.67,11763
2019-07-05,26.67,27.87,26.63,27.74,10180
2019-07-08,27.7,27.91,27.33,27.72,5385
2019-07-09,27.67,27.89,27.35,27.88,3109
2019-07-10,27.87,27.99,26.88,27.02,6448
2019-07-11,26.91,27.01,26.55,26.71,3506
2019-07-12,26.88,26.95,26.46,26.89,2676
2019-07-15,26.97,27.03,26.46,26.65,3891
2019-07-16,26.71,27.24,26.63,27.0,3964
2019-07-17,26.87,27.03,26.64,26.95,5176
2019-07-18,26.9,27.61,26.78,27.3,2852
2019-07-19,27.26,27.77,27.23,27.63,2327
2019-07-22,27.66,28.06,27.25,27.34,2576
2019-07-23,27.48,27.82,27.04,27.63,2848
2019-07-24,27.44,27.65,27.34,27.37,3275
2019-07-25,27.37,27.59,26.96,26.98,1895
2019-07-26,27.0,27.58,27.0,27.56,1540
2019-07-29,27.55,27.56,27.06,27.13,2358
2019-07-30,27.08,27.59,27.03,27.57,1921
2019-07-31,27.65,28.16,26.99,27.23,2683
2019-08-01,27.35,27.59,26.59,26.7,2294
2019-08-02,26.6,26.68,26.36,26.53,2268
2019-08-05,26.26,26.32,25.55,25.74,2967
2019-08-06,25.72,26.12,25.44,25.7,2898
2019-08-07,25.47,26.06,25.16,25.85,4592
2019-08-08,26.0,26.6,25.71,26.53,1942
2019-08-09,26.35,26.49,25.98,26.25,1543
2019-08-12,26.19,26.76,26.11,26.41,1986
2019-08-13,26.52,27.87,26.52,27.18,3772
2019-08-14,26.95,27.15,25.99,26.1,2013
2019-08-15,26.1,26.71,26.0,26.57,3066
2019-08-16,26.54,26.87,26.34,26.48,2679
2019-08-19,26.57,27.17,26.49,27.07,5049
2019-08-20,27.11,27.27,26.77,26.81,894
2019-08-21,26.99,27.47,26.67,27.35,2555
2019-08-22,27.93,30.22,27.6,29.96,16282
2019-08-23,29.73,30.0,28.27,28.54,4274
2019-08-26,28.85,29.46,28.68,28.99,3883
2019-08-27,29.06,29.16,28.55,28.94,4341
2019-08-28,28.99,29.28,28.68,29.0,4460
2019-08-29,29.28,30.37,28.99,30.02,4459
2019-08-30,30.12,30.31,29.16,29.63,2451
2019-09-03,29.45,29.98,29.04,29.83,2714
2019-09-04,30.07,30.28,29.54,29.6,3279
2019-09-05,29.89,30.15,29.6,29.94,2622
2019-09-06,29.99,30.1,29.77,29.89,1971
2019-09-09,30.24,31.34,29.64,29.66,4165
2019-09-10,29.51,29.88,28.68,29.17,3341
2019-09-11,29.38,30.25,29.38,29.9,6439
2019-09-12,30.03,30.59,30.03,30.33,3604
2019-09-13,30.41,31.16,30.11,30.12,2379
2019-09-16,29.94,30.23,29.71,29.72,3776
2019-09-17,29.67,29.86,29.18,29.24,6242
2019-09-18,29.17,29.65,28.8,29.08,5948
2019-09-19,29.09,29.65,29.05,29.47,4763
2019-09-20,29.48,29.83,28.85,29.23,7533
2019-09-23,29.27,29.6,29.09,29.17,3282
2019-09-24,29.35,29.82,29.14,29.46,3962
2019-09-25,29.42,29.72,28.44,28.55,3250
2019-09-26,28.5,29.07,28.03,28.81,6702
2019-09-27,29.05,29.29,28.54,28.72,2403
2019-09-30,29.08,29.3,28.62,28.99,2334
2019-10-01,29.09,29.25,28.49,28.54,2594
2019-10-02,28.4,28.52,27.34,27.39,7053
2019-10-03,27.49,27.68,26.94,27.32,5717
2019-10-04,27.34,27.58,26.82,27.26,4175
2019-10-07,25.12,26.97,25.1,26.45,51923
2019-10-08,26.14,27.17,26.14,26.31,14698
2019-10-09,26.48,27.3,26.43,27.085,9297
2019-10-10,27.02,27.43,26.86,27.02,6594
2019-10-11,27.31,27.31,26.35,26.4,5293
2019-10-14,26.4,26.52,24.78,24.95,9676
2019-10-15,24.95,25.19,24.45,24.93,7473
2019-10-16,24.85,24.91,24.21,24.68,6277
2019-10-17,24.68,25.65,24.54,25.5,10299
2019-10-18,25.34,25.57,25.11,25.23,7882
2019-10-21,25.24,25.48,25.2,25.28,3958
2019-10-22,25.35,25.47,24.65,24.67,5251
2019-10-23,24.54,24.86,23.82,23.98,10267
2019-10-24,24.1,24.22,23.47,23.82,12684
2019-10-25,23.77,23.96,23.51,23.51,9872
2019-10-28,23.56,23.96,23.43,23.85,13814
2019-10-29,24.25,24.5,22.66,23.635,14392
2019-10-30,23.45,24.39,23.45,24.26,6694
2019-10-31,24.18,24.57,24.01,24.54,10012
2019-11-01,24.54,24.75,24.13,24.2,7062
2019-11-04,24.29,24.53,23.85,23.88,6205
2019-11-05,23.86,23.97,22.96,23.22,8254
2019-11-06,23.15,23.84,23.12,23.58,4289
2019-11-07,23.72,23.94,23.49,23.72,5782
2019-11-08,23.79,24.29,23.74,24.15,3801
2019-11-11,24.49,24.85,24.16,24.22,14472
2019-11-12,24.26,24.77,24.0,24.62,5070
2019-11-13,24.55,25.07,24.3,24.83,7590
2019-11-14,25.22,25.68,25.11,25.145,9316
2019-11-15,25.44,26.17,25.27,26.04,13086
2019-11-18,25.99,26.6,25.89,26.43,12687
2019-11-19,26.48,26.56,25.96,26.51,11293
2019-11-20,26.51,26.74,26.23,26.64,5425
2019-11-21,26.6,26.81,26.42,26.79,5449
2019-11-22,26.84,26.85,26.36,26.51,5273
2019-11-25,26.58,27.28,26.58,27.145,4843
2019-11-26,27.18,27.62,27.09,27.54,5326
2019-11-27,27.63,27.92,27.52,27.9,4002
2019-11-29,27.87,27.87,27.54,27.63,2130
2019-12-02,27.65,28.16,27.15,28.08,6170
2019-12-03,27.9,27.9,27.39,27.72,4813
2019-12-04,27.86,28.26,27.85,28.18,3059
2019-12-05,28.15,28.16,27.83,28.01,3040
2019-12-06,28.13,28.39,27.92,28.11,3780
2019-12-09,28.03,28.26,27.9,28.13,3709
2019-12-10,28.13,28.25,27.93,28.08,3045
2019-12-11,28.15,28.22,27.58,27.88,4084
2019-12-12,28.13,28.46,27.77,28.18,4149
2019-12-13,28.2,28.37,27.76,27.86,3943
2019-12-16,28.22,28.34,27.69,27.75,3569
2019-12-17,27.72,28.12,27.6,28.03,4594
2019-12-18,28.15,28.41,28.0,28.13,4908
2019-12-19,28.26,28.49,27.96,28.03,2596
2019-12-20,28.08,28.1,27.71,27.74,5955
2019-12-23,27.83,27.91,27.61,27.79,3988
2019-12-24,27.84,28.2,27.27,28.06,1355
2019-12-26,27.97,28.11,27.67,28.02,1790
2019-12-27,28.05,28.53,27.85,28.48,2933
2019-12-30,28.53,28.95,28.48,28.69,4212
2019-12-31,28.6,28.71,28.28,28.54,3444
2020-01-02,28.57,28.57,27.82,27.86,6159
2020-01-03,27.69,28.28,27.5,28.17,4387
2020-01-06,27.98,28.19,27.6,27.74,7839
2020-01-07,27.74,27.9,27.38,27.75,7297
2020-01-08,27.8,28.1,27.64,27.82,9561
2020-01-09,26.95,27.1,24.64,24.84,40384
2020-01-10,25.06,25.74,24.0,24.02,28477
2020-01-13,24.01,24.28,22.75,22.87,23214
2020-01-14,22.7,24.4,22.68,24.38,37483
2020-01-15,24.75,25.29,23.91,24.15,22720
2020-01-16,24.34,25.01,24.17,24.96,14065
2020-01-17,25.1,25.25,24.66,25.19,11721
2020-01-21,25.05,25.39,24.83,25.11,10201
2020-01-22,25.18,25.42,24.76,24.975,7451
2020-01-23,25.1,25.49,24.76,25.18,5719
2020-01-24,25.27,25.29,24.32,25.23,9228
2020-01-27,25.09,25.13,23.96,24.235,13983
2020-01-28,24.33,24.58,23.87,24.13,11578
2020-01-29,24.2,24.21,23.29,23.465,12181
2020-01-30,23.44,23.75,22.95,23.47,8739
2020-01-31,23.55,23.6,22.84,22.97,5451
2020-02-03,23.01,23.26,22.91,23.16,6577
2020-02-04,23.62,24.83,23.35,24.77,17969
2020-02-05,24.85,25.13,24.49,25.02,7240
2020-02-06,24.97,24.97,23.58,23.84,10339
2020-02-07,23.73,24.07,23.0,23.13,8931
2020-02-10,24.39,24.48,23.48,24.06,8045
2020-02-11,24.06,24.7,23.82,23.85,11484
2020-02-12,24.09,24.35,23.74,24.25,5160
2020-02-13,24.19,24.88,24.01,24.84,7544
2020-02-14,24.8,25.28,24.55,24.71,4922
2020-02-18,24.58,24.66,23.53,24.01,7716
2020-02-19,24.24,24.62,24.02,24.5,4942
2020-02-20,24.48,24.84,24.32,24.51,3321
2020-02-21,24.45,24.71,23.84,23.99,6281
2020-02-24,23.21,23.36,22.31,22.78,9580
2020-02-25,23.45,24.69,23.34,24.0,23495
2020-02-26,24.03,24.42,22.83,22.89,13313
2020-02-27,22.46,22.78,21.57,21.98,11558
2020-02-28,21.57,22.08,20.94,22.06,7151
2020-03-02,22.3,22.49,21.47,22.42,10859
2020-03-03,22.4,22.4,19.14,19.42,21451
2020-03-04,19.94,20.4,18.26,18.85,18779
2020-03-05,18.5,18.93,18.14,18.75,8796
2020-03-06,18.11,18.7,17.29,17.5,10058
2020-03-09,16.56,16.99,15.85,16.11,11250
2020-03-10,16.59,16.74,15.7,16.65,10884
2020-03-11,16.21,16.66,15.78,16.5,10492
2020-03-12,15.28,16.09,14.89,15.64,12162
2020-03-13,16.17,17.21,15.34,16.89,12929
2020-03-16,17.74,17.74,15.35,15.84,11955
2020-03-17,15.89,18.28,14.74,18.15,17004
2020-03-18,16.85,17.7,15.9,16.59,13284
2020-03-19,16.54,17.66,15.24,15.42,10617
2020-03-20,15.44,16.25,14.73,14.93,9575
2020-03-23,15.05,15.13,14.08,14.69,15052
2020-03-24,15.11,15.95,14.95,15.66,11951
2020-03-25,15.84,16.1,15.03,15.45,9338
2020-03-26,15.62,17.01,15.48,16.87,4936
2020-03-27,16.42,16.99,16.05,16.3,4757
2020-03-30,16.48,17.66,16.03,17.54,5928
2020-03-31,17.66,19.47,17.52,19.26,15944
2020-04-01,18.49,18.86,17.51,17.9,8707
2020-04-02,17.56,18.5,17.36,18.13,6056
2020-04-03,17.88,18.99,17.72,18.77,11291
2020-04-06,19.51,20.0,16.63,17.14,23739
2020-04-07,17.75,17.96,16.13,17.02,21239
2020-04-08,17.16,17.44,16.29,16.5,14651
2020-04-09,16.7,17.06,15.65,15.79,12865
2020-04-13,16.26,16.78,15.65,16.62,21040
2020-04-14,16.9,17.7,16.37,17.045,20791
2020-04-15,16.81,17.45,16.22,17.18,10301
2020-04-16,17.47,19.1,17.37,18.78,17071
2020-04-17,19.04,19.15,18.37,18.99,15019
2020-04-20,19.33,19.55,18.13,18.16,8601
2020-04-21,17.91,18.05,16.91,17.38,8908
2020-04-22,17.56,18.49,17.47,18.4,9909
2020-04-23,18.28,18.35,17.73,17.79,8838
2020-04-24,17.81,17.96,17.44,17.66,5221
2020-04-27,17.67,18.02,17.66,17.745,8361
2020-04-28,17.9,18.05,16.75,17.0,17469
2020-04-29,17.51,19.48,17.39,18.86,23864
2020-04-30,18.81,18.96,18.14,18.85,10008
2020-05-01,18.49,18.73,18.01,18.35,9933
2020-05-04,18.22,18.44,17.84,18.2,5818
2020-05-05,18.29,18.62,17.91,18.17,8114
2020-05-06,18.31,18.58,17.84,18.18,6965
2020-05-07,18.59,18.99,18.4,18.77,5867
2020-05-08,19.02,20.19,18.75,20.09,8987
2020-05-11,19.88,20.47,19.46,19.54,5897
2020-05-12,19.51,19.54,18.19,18.22,6904
2020-05-13,18.12,18.19,16.65,16.85,12521
2020-05-14,16.75,17.43,16.26,16.87,8569
2020-05-15,16.93,17.19,16.66,16.88,5911
2020-05-18,17.67,17.78,17.12,17.31,6326
2020-05-19,17.35,17.44,16.14,16.15,14008
2020-05-20,16.37,17.23,15.91,17.05,11615
2020-05-21,17.1,17.1,16.43,16.5,11278
2020-05-22,16.57,16.66,16.13,16.4,9327
2020-05-26,16.31,17.4,16.27,17.215,14185
2020-05-27,17.51,17.93,16.96,17.88,6106
2020-05-28,17.9,17.98,16.69,16.7,9197
2020-05-29,16.58,17.19,16.27,17.03,8686
2020-06-01,17.04,17.62,16.96,17.19,11620
2020-06-02,17.19,17.34,16.47,16.79,12528
2020-06-03,16.86,17.78,16.71,17.7,15769
2020-06-04,17.44,17.82,16.7,16.79,7780
2020-06-05,17.11,18.01,16.82,17.89,8897
2020-06-08,18.18,18.92,18.18,18.92,8855
2020-06-09,18.58,18.72,17.73,18.53,9682
2020-06-10,18.52,18.71,17.81,18.21,6566
2020-06-11,17.45,17.7,16.92,16.935,11183
2020-06-12,17.41,17.63,16.81,16.995,6505
2020-06-15,16.64,17.16,16.54,17.0,7600
2020-06-16,17.42,17.93,17.26,17.56,8034
2020-06-17,17.61,17.89,17.36,17.61,3814
2020-06-18,17.3,17.51,17.15,17.41,4197
2020-06-19,17.56,18.14,17.48,17.7,8753
2020-06-22,17.62,18.01,17.31,17.67,5366
2020-06-23,17.8,18.91,17.8,18.86,10576
2020-06-24,18.75,19.88,18.57,18.76,17773
2020-06-25,18.61,18.64,17.88,18.62,7321
2020-06-26,18.65,18.85,17.21,17.24,9026
2020-06-29,17.38,19.05,17.37,18.84,15906
2020-06-30,18.83,18.85,18.16,18.58,8011
2020-07-01,18.59,19.03,18.41,18.83,6415
2020-07-02,19.22,20.38,19.22,20.2,15968
2020-07-06,20.68,21.55,20.68,21.05,26201
2020-07-07,21.1,22.0,20.63,21.19,16298
2020-07-08,22.4,22.9,21.42,22.18,31532
2020-07-09,22.26,22.5,21.21,21.31,18828
2020-07-10,21.2,21.44,20.53,21.02,10475
2020-07-13,21.27,22.11,21.09,21.62,11533
2020-07-14,21.44,22.2,21.08,21.99,7990
2020-07-15,22.09,23.2,22.09,22.38,12377
2020-07-16,22.17,22.49,22.05,22.18,3885
2020-07-17,22.09,22.76,22.09,22.44,4519
2020-07-20,22.45,22.77,22.19,22.27,4552
2020-07-21,22.52,23.69,22.52,23.44,10572
2020-07-22,23.28,23.77,23.11,23.69,6066
2020-07-23,23.63,24.2,23.61,24.08,7463
2020-07-24,23.97,24.18,23.79,24.0,4826
2020-07-27,23.89,24.44,23.84,24.41,4103
2020-07-28,24.41,24.66,24.1,24.15,4997
2020-07-29,24.29,24.36,23.76,24.015,5051
2020-07-30,23.7,23.99,23.19,23.54,5083
2020-07-31,23.45,24.15,23.28,24.04,5840
2020-08-03,24.26,24.45,23.84,23.95,3113
2020-08-04,24.0,24.92,23.82,24.73,6621
2020-08-05,24.81,24.85,23.97,24.12,3254
2020-08-06,24.06,24.56,24.05,24.36,2873
2020-08-07,24.38,24.63,24.0,24.38,5473
2020-08-10,24.42,25.21,24.3,25.1,4719
2020-08-11,25.3,25.36,24.34,24.47,2565
2020-08-12,24.65,24.88,24.43,24.47,1543
2020-08-13,24.52,25.28,24.51,25.05,3127
2020-08-14,25.04,25.04,24.63,25.01,1515
2020-08-17,24.61,25.21,24.52,24.85,4180
2020-08-18,25.06,25.06,24.45,24.61,1828
2020-08-19,24.65,24.75,24.18,24.34,3674
2020-08-20,24.08,24.78,23.79,24.54,2850
2020-08-21,24.59,24.78,24.35,24.59,5018
2020-08-24,24.74,25.21,24.57,25.02,2685
2020-08-25,25.19,25.19,24.24,24.33,2455
2020-08-26,24.4,24.6,24.06,24.57,3043
2020-08-27,24.75,25.42,24.16,25.02,2155
2020-08-28,25.28,25.45,24.75,25.39,3666
2020-08-31,25.32,25.32,24.81,24.85,1970
2020-09-01,24.75,24.92,24.31,24.69,3363
2020-09-02,24.27,25.09,24.27,24.89,2265
2020-09-03,24.93,25.61,23.7,23.94,3999
2020-09-04,24.21,24.27,23.31,23.68,2290
2020-09-08,23.28,23.49,22.85,22.88,2865
2020-09-09,22.98,23.68,22.62,23.45,2946
2020-09-10,23.54,23.57,22.56,22.75,3956
2020-09-11,23.14,23.14,22.36,22.68,2333
2020-09-14,22.62,23.0,22.41,22.71,2076
2020-09-15,22.89,22.98,22.38,22.6,3115
2020-09-16,22.84,23.02,22.51,22.74,2179
2020-09-17,22.45,22.56,21.91,22.2,1986
2020-09-18,22.6,22.6,21.73,22.07,3553
2020-09-21,21.6,22.25,21.25,21.71,3458
2020-09-22,22.17,23.31,21.78,22.23,6821
2020-09-23,22.09,22.32,21.25,21.35,2748
2020-09-24,21.19,21.77,20.91,21.65,2853
2020-09-25,21.61,21.96,21.32,21.77,1957
2020-09-28,22.11,22.37,21.93,22.0,3275
2020-09-29,22.06,22.06,21.38,21.75,3157
2020-09-30,21.65,22.43,21.65,22.05,3722
2020-10-01,22.17,22.34,21.57,22.16,5068
2020-10-02,21.69,22.8,21.64,22.65,2934
2020-10-05,22.78,22.79,22.17,22.54,2803
2020-10-06,22.72,22.78,21.73,21.89,3412
2020-10-07,22.04,22.38,21.74,21.9,3718
2020-10-08,22.17,22.36,21.78,21.92,4454
2020-10-09,21.99,22.19,21.65,21.79,5017
2020-10-12,21.81,22.5,21.69,22.33,4280
2020-10-13,22.18,22.61,21.96,22.18,3811
2020-10-14,22.21,22.53,21.9,21.99,1823
2020-10-15,21.8,22.6,21.64,22.56,2017
2020-10-16,22.5,22.5,21.6,21.775,4593
2020-10-19,21.93,22.26,21.16,21.24,3365
2020-10-20,21.43,21.5,20.77,20.86,3647
2020-10-21,20.8,21.23,20.63,20.84,5696
2020-10-22,20.74,21.19,20.56,20.99,9772
2020-10-23,21.15,21.54,20.91,21.15,12434
2020-10-26,20.51,21.44,19.94,20.08,12562
2020-10-27,20.18,20.5,19.86,20.24,10737
2020-10-28,19.88,20.28,18.93,18.98,8555
2020-10-29,19.0,19.12,18.63,18.775,9668
2020-10-30,18.75,18.99,18.62,18.8,5981
2020-11-02,18.98,19.15,18.72,18.845,4072
2020-11-03,19.31,19.78,19.01,19.3,4672
2020-11-04,19.28,19.67,19.03,19.38,7361
2020-11-05,19.64,20.61,19.64,20.51,6068
2020-11-06,20.48,20.95,20.15,20.28,2995
2020-11-09,21.62,23.09,21.35,22.38,9694
2020-11-10,22.33,23.13,22.16,22.41,9468
2020-11-11,22.43,23.29,22.17,22.61,4747
2020-11-12,22.42,23.63,22.36,23.58,10255
2020-11-13,23.7,24.0,23.27,23.89,3347
2020-11-16,24.24,24.8,24.1,24.53,4616
2020-11-17,24.11,24.9,23.8,24.56,4234
2020-11-18,24.76,24.96,24.18,24.24,4199
2020-11-19,23.92,24.16,23.5,23.78,2104
2020-11-20,23.54,23.83,23.31,23.61,3641
2020-11-23,23.72,23.85,23.13,23.36,4573
2020-11-24,23.4,23.42,22.67,23.0,11539
2020-11-25,23.04,23.07,22.31,22.465,8642
2020-11-27,22.57,22.65,22.31,22.36,2075
2020-11-30,22.03,22.18,21.21,21.74,8309
2020-12-01,21.97,22.18,21.46,21.88,8123
2020-12-02,21.92,21.95,21.66,21.71,3634
2020-12-03,21.83,23.06,21.83,22.45,14372
2020-12-04,22.46,23.18,22.38,23.16,2891
2020-12-07,23.07,23.24,22.8,23.21,2255
2020-12-08,23.2,24.36,23.1,24.12,2549
2020-12-09,24.11,24.78,23.75,24.675,5785
2020-12-10,24.54,24.95,24.18,24.9,4633
2020-12-11,24.78,25.18,24.33,25.015,3296
2020-12-14,25.07,26.07,24.97,25.82,5261
2020-12-15,25.98,26.03,25.26,25.72,5109
2020-12-16,25.9,26.05,25.4,25.76,2555
2020-12-17,25.39,26.34,25.39,25.83,2716
2020-12-18,25.76,26.37,25.67,25.74,4676
2020-12-21,25.16,25.97,24.67,25.81,2532
2020-12-22,29.22,29.49,27.85,28.62,45661
2020-12-23,28.7,29.11,28.37,28.74,13830
2020-12-24,28.74,30.09,28.6,29.89,11808
2020-12-28,30.02,30.75,29.3,30.28,31086
2020-12-29,30.16,30.61,29.46,29.75,10475
2020-12-30,29.88,30.61,29.86,30.37,8912
2020-12-31,30.27,31.5,30.1,31.36,10349
2021-01-04,32.02,32.03,29.52,29.71,8864
2021-01-05,29.72,30.48,29.42,30.45,5820
2021-01-06,30.5,30.99,29.19,30.06,9343
2021-01-07,30.11,30.68,29.27,30.07,6275
2021-01-08,30.23,30.43,28.94,29.77,5829
2021-01-11,29.57,29.84,29.14,29.43,4037
2021-01-12,29.6,29.78,28.4,28.71,6125
2021-01-13,28.61,29.02,28.26,28.7,4086
2021-01-14,28.9,29.03,27.77,28.17,4442
2021-01-15,27.84,28.37,27.77,28.0,3704
2021-01-19,28.01,28.28,26.78,27.01,4988
2021-01-20,27.1,27.46,26.79,27.38,3419
2021-01-21,27.65,27.65,27.0,27.36,2736
2021-01-22,27.07,27.49,27.0,27.4,3279
2021-01-25,27.33,29.25,27.33,28.4,3838
2021-01-26,28.69,29.19,28.19,28.97,2227
2021-01-27,28.41,28.84,28.09,28.53,5710
2021-01-28,28.36,29.25,28.17,28.78,5344
2021-01-29,28.72,29.43,28.47,28.54,3399
2021-02-01,28.73,29.44,28.17,29.09,3683
2021-02-02,29.36,29.97,28.72,29.86,2907
2021-02-03,29.46,29.72,28.34,28.88,4442
2021-02-04,28.62,28.9,28.38,28.68,3683
2021-02-05,28.98,29.2,28.46,28.62,2672
2021-02-08,28.69,29.49,28.53,29.46,2322
2021-02-09,29.64,29.93,29.31,29.67,1819
2021-02-10,29.89,30.23,29.66,29.99,1319
2021-02-11,29.98,30.43,29.53,30.33,2370
2021-02-12,30.16,30.52,29.96,30.1,1527
2021-02-16,30.09,30.28,28.72,29.42,3544
2021-02-17,29.44,29.44,28.57,28.71,2740
2021-02-18,28.68,28.94,28.34,28.55,3966
2021-02-19,28.76,29.04,27.84,28.12,3189
2021-02-22,28.1,28.7,27.8,28.34,5086
2021-02-23,28.22,28.58,27.71,28.38,4686
2021-02-24,28.49,29.62,28.25,29.38,7191
2021-02-25,29.07,29.98,28.67,28.99,2527
2021-02-26,29.14,29.67,28.75,29.17,3559
2021-03-01,29.72,31.23,29.18,30.73,3316
2021-03-02,30.67,31.05,28.95,28.97,4882
2021-03-03,29.01,29.23,28.0,28.91,3513
2021-03-04,29.14,29.79,28.03,28.94,4767
2021-03-05,29.04,30.43,28.01,30.33,3759
2021-03-08,29.92,31.06,29.92,30.5,2204
2021-03-09,30.84,31.84,30.74,31.56,3266
2021-03-10,31.94,34.59,31.86,33.75,26733
2021-03-11,34.82,35.25,32.96,33.43,10665
2021-03-12,33.52,34.48,32.17,32.72,7238
2021-03-15,32.87,34.07,32.41,33.71,5750
2021-03-16,33.99,34.61,33.54,33.88,4208
2021-03-17,33.62,34.75,33.05,34.71,2910
2021-03-18,34.33,34.38,32.6,32.9,6081
2021-03-19,32.4,32.48,30.31,32.26,14496
2021-03-22,32.33,33.13,30.89,31.77,4648
2021-03-23,31.29,31.93,29.3,29.65,10539
2021-03-24,29.42,29.84,28.59,28.68,5378
2021-03-25,28.37,29.68,28.06,29.44,6147
2021-03-26,29.5,30.91,29.11,30.7,5074
2021-03-29,30.47,30.7,29.41,29.77,3715
2021-03-30,29.74,30.66,29.71,30.33,3767
2021-03-31,30.33,31.21,30.19,30.42,3726
2021-04-01,30.38,31.17,29.79,30.95,3074
2021-04-05,31.49,31.73,30.59,31.38,3419
2021-04-06,31.06,31.96,30.73,31.165,4535
2021-04-07,31.45,32.67,31.32,31.48,6769
2021-04-08,32.1,32.56,31.59,31.76,3277
2021-04-09,31.71,31.75,30.98,31.33,1985
2021-04-12,31.34,32.91,31.31,32.61,4743
2021-04-13,32.61,32.81,32.18,32.59,2798
2021-04-14,32.75,33.05,32.42,32.58,2626
2021-04-15,32.75,33.26,32.64,33.09,2095
2021-04-16,33.43,33.72,32.81,33.42,2792
2021-04-19,33.23,33.34,32.73,33.21,1325
2021-04-20,33.07,33.4,31.28,32.99,1364
2021-04-21,33.05,33.9,33.02,33.85,2147
2021-04-22,34.0,34.65,33.92,33.94,4213
2021-04-23,34.13,34.15,33.39,33.64,2100
2021-04-26,33.75,34.35,33.45,34.32,2199
2021-04-27,34.4,34.43,33.71,34.14,1777
2021-04-28,34.31,34.97,34.13,34.65,1407
2021-04-29,34.96,35.34,34.25,34.86,1651
2021-04-30,34.49,34.86,34.42,34.55,1545
2021-05-03,34.72,34.98,34.02,34.17,1905
2021-05-04,34.0,34.02,33.05,33.86,1232
2021-05-05,34.12,34.99,33.68,33.92,901
2021-05-06,34.19,35.05,34.19,34.79,2097
2021-05-07,34.91,35.1,34.31,34.89,1567
2021-05-10,34.93,34.97,34.44,34.45,1281
2021-05-11,33.78,34.66,33.62,34.18,1781
2021-05-12,33.94,34.0,32.32,32.59,3130
2021-05-13,32.7,33.35,31.83,33.175,10924
2021-05-14,32.89,33.86,32.74,33.41,5837
2021-05-17,33.44,33.47,31.46,31.69,10618
2021-05-18,31.09,34.2,31.09,33.76,6026
2021-05-19,33.03,34.42,32.79,34.38,3774
2021-05-20,34.22,34.44,33.34,34.17,2848
2021-05-21,34.55,34.55,33.49,33.86,2694
2021-05-24,34.05,34.85,33.88,34.67,3030
2021-05-25,34.75,34.85,34.27,34.54,2520
2021-05-26,34.74,35.12,34.65,34.98,1589
2021-05-27,35.25,35.48,34.34,34.44,2102
2021-05-28,34.66,34.87,34.28,34.53,2361
2021-06-01,34.59,34.96,34.06,34.46,1532
2021-06-02,34.54,34.95,34.03,34.54,1964
2021-06-03,34.46,34.46,33.23,33.98,3256
2021-06-04,34.12,34.4,33.59,34.21,3595
2021-06-07,34.29,34.87,34.05,34.59,4029
2021-06-08,34.7,35.05,34.2,34.86,2838
2021-06-09,34.9,35.61,34.73,35.36,1995
2021-06-10,35.49,35.55,34.98,35.04,1695
2021-06-11,35.07,35.47,34.37,35.19,1458
2021-06-14,35.25,35.49,35.17,35.46,1397
2021-06-15,35.56,36.15,35.12,35.46,4038
2021-06-16,35.56,36.97,34.92,35.73,6471
2021-06-17,35.93,36.02,34.83,35.84,3138
2021-06-18,35.59,36.77,35.59,35.86,5316
2021-06-21,35.86,36.56,34.62,36.13,3270
2021-06-22,36.44,37.83,36.16,36.39,5680
2021-06-23,36.27,36.89,36.0,36.11,4656
2021-06-24,36.14,36.4,35.52,36.14,3662
2021-06-25,36.04,36.45,35.72,35.86,4013
2021-06-28,35.5,36.63,35.5,36.49,3318
2021-06-29,36.48,36.71,36.15,36.34,2235
2021-06-30,36.54,36.88,36.34,36.51,2504
2021-07-01,38.5,38.5,35.82,37.17,8005
2021-07-02,37.68,37.85,36.69,37.51,2858
2021-07-06,37.54,37.54,36.34,37.05,1810
2021-07-07,37.18,37.49,36.68,37.26,3107
2021-07-08,36.72,37.45,36.51,37.17,2643
2021-07-09,37.25,37.63,37.12,37.29,2495
2021-07-12,37.25,37.51,36.94,37.21,4402
2021-07-13,37.02,37.4,36.79,36.79,2106
2021-07-14,36.35,36.86,35.72,36.64,2362
2021-07-15,36.66,36.8,35.91,36.61,3116
2021-07-16,36.9,37.32,36.6,36.72,1374
2021-07-19,36.26,36.75,35.83,36.19,2413
2021-07-20,36.39,37.15,36.37,36.81,3501
2021-07-21,37.07,37.34,36.95,37.15,2169
2021-07-22,37.13,37.23,36.55,36.9,2315
2021-07-23,37.01,37.85,36.71,37.79,2371
2021-07-26,37.91,38.05,37.47,37.59,1653
2021-07-27,37.58,37.6,36.54,37.05,1516
2021-07-28,37.16,37.56,36.93,37.31,813
2021-07-29,37.46,37.73,37.03,37.35,1744
2021-07-30,37.29,37.72,37.15,37.48,1014
2021-08-02,37.47,37.77,36.76,36.96,1242
2021-08-03,37.11,37.11,36.45,36.88,1562
2021-08-04,36.68,36.84,35.76,35.93,1536
2021-08-05,36.03,36.61,35.95,36.54,1728
2021-08-06,36.96,37.03,36.16,36.25,1956
2021-08-09,36.21,36.44,35.77,35.8,1452
2021-08-10,35.86,36.85,34.88,35.47,2896
2021-08-11,35.67,36.77,35.46,36.11,5289
2021-08-12,36.07,36.57,35.73,35.99,1452
2021-08-13,36.03,36.61,35.75,36.56,1379
2021-08-16,36.41,36.41,35.8,36.11,1756
2021-08-17,35.8,35.9,35.08,35.32,4138
2021-08-18,35.34,35.73,34.52,34.55,1501
2021-08-19,34.25,35.11,33.91,34.68,1761
2021-08-20,35.37,35.37,34.45,35.16,2397
2021-08-23,35.18,35.46,34.63,35.36,2959
2021-08-24,35.3,35.46,34.3,34.75,2699
2021-08-25,34.7,35.28,34.54,34.99,1810
2021-08-26,34.87,35.11,34.14,34.17,1999
2021-08-27,34.2,35.45,34.2,35.35,2216
2021-08-30,35.29,35.66,33.99,35.57,1999
2021-08-31,35.63,35.78,35.18,35.62,1259
2021-09-01,35.78,36.01,35.21,35.69,841
2021-09-02,35.87,36.03,35.66,35.82,942
2021-09-03,35.62,35.96,35.45,35.56,893
2021-09-07,35.45,35.45,34.73,34.75,1001
2021-09-08,34.81,35.89,34.77,35.71,1814
2021-09-09,35.6,35.63,34.57,34.65,1266
2021-09-10,34.75,35.55,34.34,35.17,1786
2021-09-13,35.29,35.6,34.86,35.1,1001
2021-09-14,35.24,35.64,34.46,34.73,1144
2021-09-15,34.65,35.08,34.43,34.95,2231
2021-09-16,34.92,35.17,34.38,34.98,1101
2021-09-17,35.12,35.24,34.11,34.61,3036
2021-09-20,33.92,34.74,33.55,34.27,1438
2021-09-21,34.58,35.02,34.39,34.91,1488
2021-09-22,35.18,36.16,35.02,35.74,1902
2021-09-23,35.99,36.29,35.72,35.73,1639
2021-09-24,35.52,35.73,34.95,35.01,1632
2021-09-27,35.0,35.52,34.81,35.13,1940
2021-09-28,34.96,34.99,34.25,34.44,2083
2021-09-29,34.6,35.34,34.47,35.28,1268
2021-09-30,35.26,35.49,34.47,34.49,746
2021-10-01,34.84,35.71,34.56,35.5,1355
2021-10-04,35.4,35.81,35.03,35.33,1062
2021-10-05,35.35,35.74,35.07,35.17,2491
2021-10-06,34.88,35.96,34.82,35.89,1546
2021-10-07,36.0,36.87,36.0,36.21,1242
2021-10-08,36.16,36.16,35.41,35.49,889
2021-10-11,35.42,35.73,35.34,35.41,491
2021-10-12,35.29,35.75,35.2,35.43,1319
2021-10-13,35.21,35.62,34.23,34.45,1112
2021-10-14,34.68,35.01,34.35,34.63,1559
2021-10-15,35.1,35.75,34.8,35.01,1824
2021-10-18,34.9,35.45,34.56,35.23,858
2021-10-19,35.12,35.18,34.3,34.5,909
2021-10-20,34.66,35.08,34.12,34.15,2501
2021-10-21,34.8,34.8,33.88,34.31,2845
2021-10-22,35.69,37.36,34.45,37.27,7096
2021-10-25,38.47,39.45,37.9,38.82,8337
2021-10-26,38.8,39.91,38.64,39.7,3368
2021-10-27,39.75,40.26,38.83,38.86,1894
2021-10-28,38.83,40.3,38.83,40.15,1607
2021-10-29,39.93,40.04,39.4,39.65,1431
2021-11-01,39.65,39.65,38.89,39.55,2697
2021-11-02,39.55,40.25,39.44,40.05,3149
2021-11-03,39.99,40.36,39.4,39.88,3798
2021-11-04,39.89,40.35,39.42,39.5,1691
2021-11-05,39.62,41.17,39.41,41.02,2686
2021-11-08,41.01,41.35,40.58,40.88,1729
2021-11-09,41.0,41.25,40.31,40.4,1583
2021-11-10,40.37,40.59,39.6,39.74,2154
2021-11-11,39.82,39.82,39.18,39.22,1123
2021-11-12,39.33,39.78,39.11,39.51,938
2021-11-15,39.6,39.92,39.3,39.75,2497
2021-11-16,39.54,40.59,39.54,40.47,2706
2021-11-17,39.7,40.02,39.12,39.62,1400
2021-11-18,39.65,40.19,38.79,39.38,1455
2021-11-19,39.3,39.48,38.85,39.01,1311
2021-11-22,39.28,39.97,38.97,39.09,1339
2021-11-23,39.16,39.62,38.89,39.45,1215
2021-11-24,39.19,39.88,38.98,39.67,735
2021-11-26,38.75,39.59,37.46,37.93,1881
2021-11-29,38.3,39.54,37.76,37.77,1250
2021-11-30,37.39,38.08,36.87,36.97,1689
2021-12-01,37.7,37.88,35.68,35.74,2060
2021-12-02,36.02,36.64,35.6,36.56,1928
2021-12-03,37.68,37.68,36.06,36.81,1874
2021-12-06,37.21,37.46,36.75,37.22,1512
2021-12-07,37.54,38.44,37.51,38.13,1064
2021-12-08,38.12,38.28,37.55,37.94,1778
2021-12-09,37.79,38.3,37.0,37.02,2234
2021-12-10,37.36,37.55,36.87,37.36,1021
2021-12-13,37.4,38.31,37.09,37.68,1286
2021-12-14,37.51,38.04,37.32,37.92,1005
2021-12-15,37.81,38.04,37.06,37.84,1679
2021-12-16,38.05,38.8,37.55,37.84,3142
2021-12-17,37.71,40.0,37.61,38.91,4900
2021-12-20,38.5,39.36,38.4,38.57,1890
2021-12-21,38.61,40.04,38.29,39.71,3441
2021-12-22,39.46,40.15,39.17,40.04,1581
2021-12-23,40.11,40.91,39.87,40.77,2191
2021-12-27,40.89,41.24,40.3,41.22,2061
2021-12-28,41.22,42.1,41.16,41.35,3560
2021-12-29,41.46,42.37,41.05,41.81,2233
2021-12-30,41.83,41.99,41.14,41.28,856
2021-12-31,41.03,41.8,40.76,41.57,1524
2022-01-03,41.6,42.11,41.04,42.08,3959
2022-01-04,42.34,43.17,42.23,42.35,6472
2022-01-05,41.85,42.98,38.23,38.89,11846
2022-01-06,39.94,40.7,38.8,38.98,6572
2022-01-07,38.84,39.85,38.79,39.31,3652
2022-01-10,39.15,39.15,37.25,37.67,6880
2022-01-11,37.83,39.1,36.98,39.04,3472
2022-01-12,39.04,39.07,38.17,38.52,4498
2022-01-13,38.4,39.25,38.4,38.5,2807
2022-01-14,38.14,39.26,38.11,39.15,3596
2022-01-18,38.73,38.73,36.78,36.9,4105
2022-01-19,37.02,37.45,36.58,36.67,3555
2022-01-20,37.04,37.61,36.4,36.45,2819
2022-01-21,36.25,37.13,35.41,35.43,4077
2022-01-24,34.97,36.08,34.29,35.94,4197
2022-01-25,35.44,35.46,34.0,34.5,4382
2022-01-26,34.9,35.78,33.23,33.81,4047
2022-01-27,34.67,35.03,33.75,33.87,5073
2022-01-28,33.74,34.36,32.93,34.33,2006
2022-01-31,34.1,35.31,34.1,35.23,2523
2022-02-01,35.39,36.07,34.52,35.94,2561
2022-02-02,35.99,36.37,35.68,35.91,2974
2022-02-03,35.51,35.93,35.3,35.39,1803
2022-02-04,35.29,35.88,34.62,35.54,2050
2022-02-07,35.29,36.11,34.51,35.64,1668
2022-02-08,35.64,36.41,35.27,35.87,2190
2022-02-09,36.29,36.4,35.85,36.1,2091
2022-02-10,35.59,36.56,35.42,36.13,4849
2022-02-11,36.31,36.44,35.62,36.19,2329
2022-02-14,36.34,37.45,36.2,37.25,3725
2022-02-15,37.64,38.82,37.61,38.8,3660
2022-02-16,38.79,39.75,38.4,39.61,3065
2022-02-17,39.32,39.62,38.58,38.75,1724
2022-02-18,38.42,38.62,37.34,37.98,2219
2022-02-22,37.76,38.18,37.01,37.87,1291
2022-02-23,38.05,38.49,37.71,37.81,1989
2022-02-24,36.95,37.68,36.23,37.58,4104
2022-02-25,38.06,39.04,37.43,38.99,3747
2022-02-28,38.41,39.95,38.41,39.63,2499
2022-03-01,39.74,40.48,39.24,39.62,2930
2022-03-02,40.09,40.38,39.22,39.45,2444
2022-03-03,39.87,40.59,38.76,39.31,2098
2022-03-04,38.83,39.9,38.62,38.88,4082
2022-03-07,38.75,39.04,36.18,36.91,8297
2022-03-08,37.0,37.7,35.54,36.8,6034
2022-03-09,37.68,38.87,36.58,38.05,6711
2022-03-10,37.44,38.84,36.92,37.2,2040
2022-03-11,37.37,37.77,35.93,36.73,2684
2022-03-14,37.11,37.11,34.94,35.02,2835
2022-03-15,35.1,36.2,34.53,36.12,3796
2022-03-16,36.64,36.84,35.16,35.98,2091
2022-03-17,35.82,36.5,35.56,36.18,2059
2022-03-18,36.25,37.35,36.02,37.26,3114
2022-03-21,37.31,37.75,36.91,37.02,1622
2022-03-22,37.21,37.69,36.55,36.98,3540
2022-03-23,37.04,37.39,36.24,36.26,1571
2022-03-24,36.51,37.57,35.99,36.78,1482
2022-03-25,36.87,37.02,36.42,36.68,1622
2022-03-28,36.67,37.3,36.47,37.25,1635
2022-03-29,37.56,38.73,37.54,38.52,1746
2022-03-30,38.58,38.7,38.08,38.3,1379
2022-03-31,38.69,39.11,37.9,37.95,1626
2022-04-01,38.03,39.29,38.02,39.04,3184
2022-04-04,39.84,40.79,39.5,39.83,4816
2022-04-05,39.6,40.19,38.17,38.4,5272
2022-04-06,38.11,40.64,37.61,40.21,9912
2022-04-07,40.75,42.43,40.26,42.29,10472
2022-04-08,42.97,43.5,41.69,41.77,5276
2022-04-11,41.73,42.11,40.79,40.82,3769
2022-04-12,41.22,42.05,40.7,41.4,3691
2022-04-13,41.29,42.39,41.16,42.09,3906
2022-04-14,42.79,43.85,42.15,43.47,7457
2022-04-18,43.36,43.5,42.6,43.14,5172
2022-04-19,43.33,45.14,43.23,44.57,10517
2022-04-20,44.75,45.77,44.14,44.32,4253
2022-04-21,44.16,44.77,43.05,43.19,4627
2022-04-22,42.92,43.29,42.01,42.25,5136
